{
  "type": "FeatureCollection",
  "features": [
    {
      "type": "Feature",
      "geometry": {
        "type": "Point",
        "coordinates": [
          91.61577214,
          23.71701896
        ]
      },
      "properties": {
        "event_id": "11502",
        "event_date": "2018/05/20 00:00:00+00",
        "country_name": "India",
        "state_name": "NER",
        "landslide_category": "Landslide / Debris flow",
        "trigger": "Rainfall / Monsoon",
        "fatalities": 0
      }
    },
    {
      "type": "Feature",
      "geometry": {
        "type": "Point",
        "coordinates": [
          93.53921036,
          22.83757492
        ]
      },
      "properties": {
        "event_id": "11592",
        "event_date": "1970/01/01 00:00:00+00",
        "country_name": "India",
        "state_name": "NER",
        "landslide_category": "Landslide / Debris flow",
        "trigger": "Rainfall / Monsoon",
        "fatalities": 0
      }
    },
    {
      "type": "Feature",
      "geometry": {
        "type": "Point",
        "coordinates": [
          93.54111916,
          22.83605861
        ]
      },
      "properties": {
        "event_id": "11594",
        "event_date": "1970/01/01 00:00:00+00",
        "country_name": "India",
        "state_name": "NER",
        "landslide_category": "Landslide / Debris flow",
        "trigger": "Rainfall / Monsoon",
        "fatalities": 0
      }
    },
    {
      "type": "Feature",
      "geometry": {
        "type": "Point",
        "coordinates": [
          93.4368202,
          23.40388585
        ]
      },
      "properties": {
        "event_id": "11603",
        "event_date": "1970/01/01 00:00:00+00",
        "country_name": "India",
        "state_name": "NER",
        "landslide_category": "Landslide / Debris flow",
        "trigger": "Rainfall / Monsoon",
        "fatalities": 0
      }
    },
    {
      "type": "Feature",
      "geometry": {
        "type": "Point",
        "coordinates": [
          93.82425435,
          21.219105
        ]
      },
      "properties": {
        "event_id": "12526",
        "event_date": "1970/01/01 00:00:00+00",
        "country_name": "India",
        "state_name": "NER",
        "landslide_category": "Landslide / Debris flow",
        "trigger": "Rainfall / Monsoon",
        "fatalities": 0
      }
    },
    {
      "type": "Feature",
      "geometry": {
        "type": "Point",
        "coordinates": [
          93.77985949,
          21.2105003
        ]
      },
      "properties": {
        "event_id": "12547",
        "event_date": "1970/01/01 00:00:00+00",
        "country_name": "India",
        "state_name": "NER",
        "landslide_category": "Landslide / Debris flow",
        "trigger": "Rainfall / Monsoon",
        "fatalities": 0
      }
    },
    {
      "type": "Feature",
      "geometry": {
        "type": "Point",
        "coordinates": [
          93.76379118,
          21.22112025
        ]
      },
      "properties": {
        "event_id": "12553",
        "event_date": "1970/01/01 00:00:00+00",
        "country_name": "India",
        "state_name": "NER",
        "landslide_category": "Landslide / Debris flow",
        "trigger": "Rainfall / Monsoon",
        "fatalities": 0
      }
    },
    {
      "type": "Feature",
      "geometry": {
        "type": "Point",
        "coordinates": [
          93.80077325,
          21.18733792
        ]
      },
      "properties": {
        "event_id": "12558",
        "event_date": "1970/01/01 00:00:00+00",
        "country_name": "India",
        "state_name": "NER",
        "landslide_category": "Landslide / Debris flow",
        "trigger": "Rainfall / Monsoon",
        "fatalities": 0
      }
    },
    {
      "type": "Feature",
      "geometry": {
        "type": "Point",
        "coordinates": [
          92.03513581,
          22.77997113
        ]
      },
      "properties": {
        "event_id": "9941",
        "event_date": "2017/07/02 00:00:00+00",
        "country_name": "India",
        "state_name": "NER",
        "landslide_category": "Landslide / Debris flow",
        "trigger": "Rainfall / Monsoon",
        "fatalities": 0
      }
    },
    {
      "type": "Feature",
      "geometry": {
        "type": "Point",
        "coordinates": [
          94.55427723,
          26.3312531
        ]
      },
      "properties": {
        "event_id": "9982",
        "event_date": "2017/07/01 00:00:00+00",
        "country_name": "India",
        "state_name": "NER",
        "landslide_category": "Landslide / Debris flow",
        "trigger": "Rainfall / Monsoon",
        "fatalities": 0
      }
    },
    {
      "type": "Feature",
      "geometry": {
        "type": "Point",
        "coordinates": [
          88.25902123,
          27.02149311
        ]
      },
      "properties": {
        "event_id": "9994",
        "event_date": "2017/07/06 00:00:00+00",
        "country_name": "India",
        "state_name": "NER",
        "landslide_category": "Landslide / Debris flow",
        "trigger": "Rainfall / Monsoon",
        "fatalities": 0
      }
    },
    {
      "type": "Feature",
      "geometry": {
        "type": "Point",
        "coordinates": [
          93.6146564,
          27.06992579
        ]
      },
      "properties": {
        "event_id": "9829",
        "event_date": "2017/06/19 00:00:00+00",
        "country_name": "India",
        "state_name": "NER",
        "landslide_category": "Landslide / Debris flow",
        "trigger": "Rainfall / Monsoon",
        "fatalities": 0
      }
    },
    {
      "type": "Feature",
      "geometry": {
        "type": "Point",
        "coordinates": [
          93.61589869,
          22.65620215
        ]
      },
      "properties": {
        "event_id": "9771",
        "event_date": "2017/05/29 00:00:00+00",
        "country_name": "India",
        "state_name": "NER",
        "landslide_category": "Landslide / Debris flow",
        "trigger": "Rainfall / Monsoon",
        "fatalities": 0
      }
    },
    {
      "type": "Feature",
      "geometry": {
        "type": "Point",
        "coordinates": [
          91.97239273,
          22.44394492
        ]
      },
      "properties": {
        "event_id": "9703",
        "event_date": "2017/06/13 00:00:00+00",
        "country_name": "India",
        "state_name": "NER",
        "landslide_category": "Landslide / Debris flow",
        "trigger": "Rainfall / Monsoon",
        "fatalities": 0
      }
    },
    {
      "type": "Feature",
      "geometry": {
        "type": "Point",
        "coordinates": [
          88.59676956,
          27.54295099
        ]
      },
      "properties": {
        "event_id": "9785",
        "event_date": "2017/05/26 00:00:00+00",
        "country_name": "India",
        "state_name": "NER",
        "landslide_category": "Landslide / Debris flow",
        "trigger": "Rainfall / Monsoon",
        "fatalities": 0
      }
    },
    {
      "type": "Feature",
      "geometry": {
        "type": "Point",
        "coordinates": [
          93.65975252,
          27.10647226
        ]
      },
      "properties": {
        "event_id": "9932",
        "event_date": "2017/07/01 00:00:00+00",
        "country_name": "India",
        "state_name": "NER",
        "landslide_category": "Landslide / Debris flow",
        "trigger": "Rainfall / Monsoon",
        "fatalities": 0
      }
    },
    {
      "type": "Feature",
      "geometry": {
        "type": "Point",
        "coordinates": [
          94.5238,
          26.0093
        ]
      },
      "properties": {
        "event_id": "2042",
        "event_date": "2010/07/06 00:00:00+00",
        "country_name": "India",
        "state_name": "NER",
        "landslide_category": "Landslide / Debris flow",
        "trigger": "Rainfall / Monsoon",
        "fatalities": 0
      }
    },
    {
      "type": "Feature",
      "geometry": {
        "type": "Point",
        "coordinates": [
          91.2698,
          25.4916
        ]
      },
      "properties": {
        "event_id": "2026",
        "event_date": "2010/06/28 00:00:00+00",
        "country_name": "India",
        "state_name": "NER",
        "landslide_category": "Landslide / Debris flow",
        "trigger": "Rainfall / Monsoon",
        "fatalities": 0
      }
    },
    {
      "type": "Feature",
      "geometry": {
        "type": "Point",
        "coordinates": [
          93.9877,
          25.0604
        ]
      },
      "properties": {
        "event_id": "247",
        "event_date": "2007/09/08 00:00:00+00",
        "country_name": "India",
        "state_name": "NER",
        "landslide_category": "Landslide / Debris flow",
        "trigger": "Rainfall / Monsoon",
        "fatalities": 0
      }
    },
    {
      "type": "Feature",
      "geometry": {
        "type": "Point",
        "coordinates": [
          90.5034,
          27.5
        ]
      },
      "properties": {
        "event_id": "2312",
        "event_date": "2010/08/23 00:00:00+00",
        "country_name": "India",
        "state_name": "NER",
        "landslide_category": "Landslide / Debris flow",
        "trigger": "Rainfall / Monsoon",
        "fatalities": 0
      }
    },
    {
      "type": "Feature",
      "geometry": {
        "type": "Point",
        "coordinates": [
          88.255,
          27.0605
        ]
      },
      "properties": {
        "event_id": "3986",
        "event_date": "2011/09/25 00:00:00+00",
        "country_name": "India",
        "state_name": "NER",
        "landslide_category": "Landslide / Debris flow",
        "trigger": "Rainfall / Monsoon",
        "fatalities": 0
      }
    },
    {
      "type": "Feature",
      "geometry": {
        "type": "Point",
        "coordinates": [
          94.3619,
          25.0985
        ]
      },
      "properties": {
        "event_id": "5552",
        "event_date": "2013/09/24 00:00:00+00",
        "country_name": "India",
        "state_name": "NER",
        "landslide_category": "Landslide / Debris flow",
        "trigger": "Rainfall / Monsoon",
        "fatalities": 0
      }
    },
    {
      "type": "Feature",
      "geometry": {
        "type": "Point",
        "coordinates": [
          91.2,
          25.8833
        ]
      },
      "properties": {
        "event_id": "1961",
        "event_date": "2010/06/09 00:00:00+00",
        "country_name": "India",
        "state_name": "NER",
        "landslide_category": "Landslide / Debris flow",
        "trigger": "Rainfall / Monsoon",
        "fatalities": 0
      }
    },
    {
      "type": "Feature",
      "geometry": {
        "type": "Point",
        "coordinates": [
          93.816,
          27.0987
        ]
      },
      "properties": {
        "event_id": "6971",
        "event_date": "2015/06/09 00:00:00+00",
        "country_name": "India",
        "state_name": "NER",
        "landslide_category": "Landslide / Debris flow",
        "trigger": "Rainfall / Monsoon",
        "fatalities": 0
      }
    },
    {
      "type": "Feature",
      "geometry": {
        "type": "Point",
        "coordinates": [
          91.8744337,
          26.09748244
        ]
      },
      "properties": {
        "event_id": "9051",
        "event_date": "2016/07/19 00:00:00+00",
        "country_name": "India",
        "state_name": "NER",
        "landslide_category": "Landslide / Debris flow",
        "trigger": "Rainfall / Monsoon",
        "fatalities": 0
      }
    },
    {
      "type": "Feature",
      "geometry": {
        "type": "Point",
        "coordinates": [
          88.43849551,
          27.02459801
        ]
      },
      "properties": {
        "event_id": "1091",
        "event_date": "2009/08/16 00:00:00+00",
        "country_name": "India",
        "state_name": "NER",
        "landslide_category": "Landslide / Debris flow",
        "trigger": "Rainfall / Monsoon",
        "fatalities": 0
      }
    },
    {
      "type": "Feature",
      "geometry": {
        "type": "Point",
        "coordinates": [
          88.2789,
          26.8905
        ]
      },
      "properties": {
        "event_id": "151",
        "event_date": "2007/08/02 00:00:00+00",
        "country_name": "India",
        "state_name": "NER",
        "landslide_category": "Landslide / Debris flow",
        "trigger": "Rainfall / Monsoon",
        "fatalities": 0
      }
    },
    {
      "type": "Feature",
      "geometry": {
        "type": "Point",
        "coordinates": [
          91.7896,
          26.1844
        ]
      },
      "properties": {
        "event_id": "6107",
        "event_date": "2014/06/26 00:00:00+00",
        "country_name": "India",
        "state_name": "NER",
        "landslide_category": "Landslide / Debris flow",
        "trigger": "Rainfall / Monsoon",
        "fatalities": 0
      }
    },
    {
      "type": "Feature",
      "geometry": {
        "type": "Point",
        "coordinates": [
          88.3651,
          27.1675
        ]
      },
      "properties": {
        "event_id": "4556",
        "event_date": "2012/09/16 00:00:00+00",
        "country_name": "India",
        "state_name": "NER",
        "landslide_category": "Landslide / Debris flow",
        "trigger": "Rainfall / Monsoon",
        "fatalities": 0
      }
    },
    {
      "type": "Feature",
      "geometry": {
        "type": "Point",
        "coordinates": [
          94.1072,
          25.6623
        ]
      },
      "properties": {
        "event_id": "2587",
        "event_date": "2010/10/10 00:00:00+00",
        "country_name": "India",
        "state_name": "NER",
        "landslide_category": "Landslide / Debris flow",
        "trigger": "Rainfall / Monsoon",
        "fatalities": 0
      }
    },
    {
      "type": "Feature",
      "geometry": {
        "type": "Point",
        "coordinates": [
          88.1365,
          27.2644
        ]
      },
      "properties": {
        "event_id": "1102",
        "event_date": "2009/08/19 00:00:00+00",
        "country_name": "India",
        "state_name": "NER",
        "landslide_category": "Landslide / Debris flow",
        "trigger": "Rainfall / Monsoon",
        "fatalities": 0
      }
    },
    {
      "type": "Feature",
      "geometry": {
        "type": "Point",
        "coordinates": [
          91.8022,
          22.4254
        ]
      },
      "properties": {
        "event_id": "7283",
        "event_date": "2015/07/26 00:00:00+00",
        "country_name": "India",
        "state_name": "NER",
        "landslide_category": "Landslide / Debris flow",
        "trigger": "Rainfall / Monsoon",
        "fatalities": 0
      }
    },
    {
      "type": "Feature",
      "geometry": {
        "type": "Point",
        "coordinates": [
          94.0396,
          24.1077
        ]
      },
      "properties": {
        "event_id": "7313",
        "event_date": "2015/08/01 00:00:00+00",
        "country_name": "India",
        "state_name": "NER",
        "landslide_category": "Landslide / Debris flow",
        "trigger": "Rainfall / Monsoon",
        "fatalities": 0
      }
    },
    {
      "type": "Feature",
      "geometry": {
        "type": "Point",
        "coordinates": [
          92.60498572,
          21.71115327
        ]
      },
      "properties": {
        "event_id": "11951",
        "event_date": "1970/01/01 00:00:00+00",
        "country_name": "India",
        "state_name": "NER",
        "landslide_category": "Landslide / Debris flow",
        "trigger": "Rainfall / Monsoon",
        "fatalities": 0
      }
    },
    {
      "type": "Feature",
      "geometry": {
        "type": "Point",
        "coordinates": [
          93.60327648,
          22.50691804
        ]
      },
      "properties": {
        "event_id": "11969",
        "event_date": "1970/01/01 00:00:00+00",
        "country_name": "India",
        "state_name": "NER",
        "landslide_category": "Landslide / Debris flow",
        "trigger": "Rainfall / Monsoon",
        "fatalities": 0
      }
    },
    {
      "type": "Feature",
      "geometry": {
        "type": "Point",
        "coordinates": [
          94.41583979,
          22.18768049
        ]
      },
      "properties": {
        "event_id": "11979",
        "event_date": "1970/01/01 00:00:00+00",
        "country_name": "India",
        "state_name": "NER",
        "landslide_category": "Landslide / Debris flow",
        "trigger": "Rainfall / Monsoon",
        "fatalities": 0
      }
    },
    {
      "type": "Feature",
      "geometry": {
        "type": "Point",
        "coordinates": [
          96.97585008,
          22.53450242
        ]
      },
      "properties": {
        "event_id": "11982",
        "event_date": "1970/01/01 00:00:00+00",
        "country_name": "India",
        "state_name": "NER",
        "landslide_category": "Landslide / Debris flow",
        "trigger": "Rainfall / Monsoon",
        "fatalities": 0
      }
    },
    {
      "type": "Feature",
      "geometry": {
        "type": "Point",
        "coordinates": [
          97.43710268,
          25.68345923
        ]
      },
      "properties": {
        "event_id": "12095",
        "event_date": "1970/01/01 00:00:00+00",
        "country_name": "India",
        "state_name": "NER",
        "landslide_category": "Landslide / Debris flow",
        "trigger": "Rainfall / Monsoon",
        "fatalities": 0
      }
    },
    {
      "type": "Feature",
      "geometry": {
        "type": "Point",
        "coordinates": [
          97.44685813,
          25.681094
        ]
      },
      "properties": {
        "event_id": "12111",
        "event_date": "1970/01/01 00:00:00+00",
        "country_name": "India",
        "state_name": "NER",
        "landslide_category": "Landslide / Debris flow",
        "trigger": "Rainfall / Monsoon",
        "fatalities": 0
      }
    },
    {
      "type": "Feature",
      "geometry": {
        "type": "Point",
        "coordinates": [
          97.44635604,
          25.68144526
        ]
      },
      "properties": {
        "event_id": "12113",
        "event_date": "1970/01/01 00:00:00+00",
        "country_name": "India",
        "state_name": "NER",
        "landslide_category": "Landslide / Debris flow",
        "trigger": "Rainfall / Monsoon",
        "fatalities": 0
      }
    },
    {
      "type": "Feature",
      "geometry": {
        "type": "Point",
        "coordinates": [
          97.45504602,
          25.67758473
        ]
      },
      "properties": {
        "event_id": "12122",
        "event_date": "1970/01/01 00:00:00+00",
        "country_name": "India",
        "state_name": "NER",
        "landslide_category": "Landslide / Debris flow",
        "trigger": "Rainfall / Monsoon",
        "fatalities": 0
      }
    },
    {
      "type": "Feature",
      "geometry": {
        "type": "Point",
        "coordinates": [
          92.69913165,
          21.20270136
        ]
      },
      "properties": {
        "event_id": "12130",
        "event_date": "1970/01/01 00:00:00+00",
        "country_name": "India",
        "state_name": "NER",
        "landslide_category": "Landslide / Debris flow",
        "trigger": "Rainfall / Monsoon",
        "fatalities": 0
      }
    },
    {
      "type": "Feature",
      "geometry": {
        "type": "Point",
        "coordinates": [
          94.00209351,
          21.210479
        ]
      },
      "properties": {
        "event_id": "12135",
        "event_date": "1970/01/01 00:00:00+00",
        "country_name": "India",
        "state_name": "NER",
        "landslide_category": "Landslide / Debris flow",
        "trigger": "Rainfall / Monsoon",
        "fatalities": 0
      }
    },
    {
      "type": "Feature",
      "geometry": {
        "type": "Point",
        "coordinates": [
          94.03922568,
          21.43123451
        ]
      },
      "properties": {
        "event_id": "12145",
        "event_date": "1970/01/01 00:00:00+00",
        "country_name": "India",
        "state_name": "NER",
        "landslide_category": "Landslide / Debris flow",
        "trigger": "Rainfall / Monsoon",
        "fatalities": 0
      }
    },
    {
      "type": "Feature",
      "geometry": {
        "type": "Point",
        "coordinates": [
          93.09760669,
          21.3732131
        ]
      },
      "properties": {
        "event_id": "12161",
        "event_date": "1970/01/01 00:00:00+00",
        "country_name": "India",
        "state_name": "NER",
        "landslide_category": "Landslide / Debris flow",
        "trigger": "Rainfall / Monsoon",
        "fatalities": 0
      }
    },
    {
      "type": "Feature",
      "geometry": {
        "type": "Point",
        "coordinates": [
          97.22355064,
          26.05263757
        ]
      },
      "properties": {
        "event_id": "12285",
        "event_date": "1970/01/01 00:00:00+00",
        "country_name": "India",
        "state_name": "NER",
        "landslide_category": "Landslide / Debris flow",
        "trigger": "Rainfall / Monsoon",
        "fatalities": 0
      }
    },
    {
      "type": "Feature",
      "geometry": {
        "type": "Point",
        "coordinates": [
          97.23225513,
          26.09144328
        ]
      },
      "properties": {
        "event_id": "12288",
        "event_date": "1970/01/01 00:00:00+00",
        "country_name": "India",
        "state_name": "NER",
        "landslide_category": "Landslide / Debris flow",
        "trigger": "Rainfall / Monsoon",
        "fatalities": 0
      }
    },
    {
      "type": "Feature",
      "geometry": {
        "type": "Point",
        "coordinates": [
          97.6990537,
          26.07097444
        ]
      },
      "properties": {
        "event_id": "12291",
        "event_date": "1970/01/01 00:00:00+00",
        "country_name": "India",
        "state_name": "NER",
        "landslide_category": "Landslide / Debris flow",
        "trigger": "Rainfall / Monsoon",
        "fatalities": 0
      }
    },
    {
      "type": "Feature",
      "geometry": {
        "type": "Point",
        "coordinates": [
          95.89027452,
          27.02259862
        ]
      },
      "properties": {
        "event_id": "12310",
        "event_date": "1970/01/01 00:00:00+00",
        "country_name": "India",
        "state_name": "NER",
        "landslide_category": "Landslide / Debris flow",
        "trigger": "Rainfall / Monsoon",
        "fatalities": 0
      }
    },
    {
      "type": "Feature",
      "geometry": {
        "type": "Point",
        "coordinates": [
          93.79518055,
          21.19314744
        ]
      },
      "properties": {
        "event_id": "12555",
        "event_date": "1970/01/01 00:00:00+00",
        "country_name": "India",
        "state_name": "NER",
        "landslide_category": "Landslide / Debris flow",
        "trigger": "Rainfall / Monsoon",
        "fatalities": 0
      }
    },
    {
      "type": "Feature",
      "geometry": {
        "type": "Point",
        "coordinates": [
          93.4108,
          24.7679
        ]
      },
      "properties": {
        "event_id": "2568",
        "event_date": "2010/10/08 00:00:00+00",
        "country_name": "India",
        "state_name": "NER",
        "landslide_category": "Landslide / Debris flow",
        "trigger": "Rainfall / Monsoon",
        "fatalities": 0
      }
    },
    {
      "type": "Feature",
      "geometry": {
        "type": "Point",
        "coordinates": [
          94.0441,
          25.318
        ]
      },
      "properties": {
        "event_id": "5300",
        "event_date": "2013/08/09 00:00:00+00",
        "country_name": "India",
        "state_name": "NER",
        "landslide_category": "Landslide / Debris flow",
        "trigger": "Rainfall / Monsoon",
        "fatalities": 0
      }
    },
    {
      "type": "Feature",
      "geometry": {
        "type": "Point",
        "coordinates": [
          88.2476,
          27.0165
        ]
      },
      "properties": {
        "event_id": "6967",
        "event_date": "2015/06/13 00:00:00+00",
        "country_name": "India",
        "state_name": "NER",
        "landslide_category": "Landslide / Debris flow",
        "trigger": "Rainfall / Monsoon",
        "fatalities": 0
      }
    },
    {
      "type": "Feature",
      "geometry": {
        "type": "Point",
        "coordinates": [
          93.4946,
          24.9926
        ]
      },
      "properties": {
        "event_id": "4861",
        "event_date": "2013/05/12 00:00:00+00",
        "country_name": "India",
        "state_name": "NER",
        "landslide_category": "Landslide / Debris flow",
        "trigger": "Rainfall / Monsoon",
        "fatalities": 0
      }
    },
    {
      "type": "Feature",
      "geometry": {
        "type": "Point",
        "coordinates": [
          91.7049,
          26.1665
        ]
      },
      "properties": {
        "event_id": "5584",
        "event_date": "2013/10/06 00:00:00+00",
        "country_name": "India",
        "state_name": "NER",
        "landslide_category": "Landslide / Debris flow",
        "trigger": "Rainfall / Monsoon",
        "fatalities": 0
      }
    },
    {
      "type": "Feature",
      "geometry": {
        "type": "Point",
        "coordinates": [
          94.5512,
          26.3335
        ]
      },
      "properties": {
        "event_id": "1986",
        "event_date": "2010/06/15 00:00:00+00",
        "country_name": "India",
        "state_name": "NER",
        "landslide_category": "Landslide / Debris flow",
        "trigger": "Rainfall / Monsoon",
        "fatalities": 0
      }
    },
    {
      "type": "Feature",
      "geometry": {
        "type": "Point",
        "coordinates": [
          95.0281,
          26.7225
        ]
      },
      "properties": {
        "event_id": "2043",
        "event_date": "2010/07/06 00:00:00+00",
        "country_name": "India",
        "state_name": "NER",
        "landslide_category": "Landslide / Debris flow",
        "trigger": "Rainfall / Monsoon",
        "fatalities": 0
      }
    },
    {
      "type": "Feature",
      "geometry": {
        "type": "Point",
        "coordinates": [
          92.562,
          24.6108
        ]
      },
      "properties": {
        "event_id": "6786",
        "event_date": "2015/02/19 00:00:00+00",
        "country_name": "India",
        "state_name": "NER",
        "landslide_category": "Landslide / Debris flow",
        "trigger": "Rainfall / Monsoon",
        "fatalities": 0
      }
    },
    {
      "type": "Feature",
      "geometry": {
        "type": "Point",
        "coordinates": [
          90.5257,
          27.256
        ]
      },
      "properties": {
        "event_id": "4309",
        "event_date": "2012/04/06 00:00:00+00",
        "country_name": "India",
        "state_name": "NER",
        "landslide_category": "Landslide / Debris flow",
        "trigger": "Rainfall / Monsoon",
        "fatalities": 0
      }
    },
    {
      "type": "Feature",
      "geometry": {
        "type": "Point",
        "coordinates": [
          91.4663,
          24.0896
        ]
      },
      "properties": {
        "event_id": "4848",
        "event_date": "2013/05/08 00:00:00+00",
        "country_name": "India",
        "state_name": "NER",
        "landslide_category": "Landslide / Debris flow",
        "trigger": "Rainfall / Monsoon",
        "fatalities": 0
      }
    },
    {
      "type": "Feature",
      "geometry": {
        "type": "Point",
        "coordinates": [
          94.803,
          26.0814
        ]
      },
      "properties": {
        "event_id": "2249",
        "event_date": "2010/08/14 00:00:00+00",
        "country_name": "India",
        "state_name": "NER",
        "landslide_category": "Landslide / Debris flow",
        "trigger": "Rainfall / Monsoon",
        "fatalities": 0
      }
    },
    {
      "type": "Feature",
      "geometry": {
        "type": "Point",
        "coordinates": [
          88.0839,
          26.8366
        ]
      },
      "properties": {
        "event_id": "7044",
        "event_date": "2015/07/01 00:00:00+00",
        "country_name": "India",
        "state_name": "NER",
        "landslide_category": "Landslide / Debris flow",
        "trigger": "Rainfall / Monsoon",
        "fatalities": 0
      }
    },
    {
      "type": "Feature",
      "geometry": {
        "type": "Point",
        "coordinates": [
          92.7878,
          23.3572
        ]
      },
      "properties": {
        "event_id": "7780",
        "event_date": "2015/08/26 00:00:00+00",
        "country_name": "India",
        "state_name": "NER",
        "landslide_category": "Landslide / Debris flow",
        "trigger": "Rainfall / Monsoon",
        "fatalities": 0
      }
    },
    {
      "type": "Feature",
      "geometry": {
        "type": "Point",
        "coordinates": [
          94.8833,
          26.4333
        ]
      },
      "properties": {
        "event_id": "1996",
        "event_date": "2010/06/17 00:00:00+00",
        "country_name": "India",
        "state_name": "NER",
        "landslide_category": "Landslide / Debris flow",
        "trigger": "Rainfall / Monsoon",
        "fatalities": 0
      }
    },
    {
      "type": "Feature",
      "geometry": {
        "type": "Point",
        "coordinates": [
          88.4674,
          27.0599
        ]
      },
      "properties": {
        "event_id": "5533",
        "event_date": "2013/09/16 00:00:00+00",
        "country_name": "India",
        "state_name": "NER",
        "landslide_category": "Landslide / Debris flow",
        "trigger": "Rainfall / Monsoon",
        "fatalities": 0
      }
    },
    {
      "type": "Feature",
      "geometry": {
        "type": "Point",
        "coordinates": [
          92.899,
          22.533
        ]
      },
      "properties": {
        "event_id": "147",
        "event_date": "2007/07/30 00:00:00+00",
        "country_name": "India",
        "state_name": "NER",
        "landslide_category": "Landslide / Debris flow",
        "trigger": "Rainfall / Monsoon",
        "fatalities": 0
      }
    },
    {
      "type": "Feature",
      "geometry": {
        "type": "Point",
        "coordinates": [
          91.7986,
          26.1699
        ]
      },
      "properties": {
        "event_id": "130",
        "event_date": "2007/07/19 00:00:00+00",
        "country_name": "India",
        "state_name": "NER",
        "landslide_category": "Landslide / Debris flow",
        "trigger": "Rainfall / Monsoon",
        "fatalities": 0
      }
    },
    {
      "type": "Feature",
      "geometry": {
        "type": "Point",
        "coordinates": [
          88.3519724,
          26.89487026
        ]
      },
      "properties": {
        "event_id": "11223",
        "event_date": "2009/08/16 00:00:00+00",
        "country_name": "India",
        "state_name": "NER",
        "landslide_category": "Landslide / Debris flow",
        "trigger": "Rainfall / Monsoon",
        "fatalities": 0
      }
    },
    {
      "type": "Feature",
      "geometry": {
        "type": "Point",
        "coordinates": [
          94.72071068,
          26.07821691
        ]
      },
      "properties": {
        "event_id": "11405",
        "event_date": "2018/05/12 00:00:00+00",
        "country_name": "India",
        "state_name": "NER",
        "landslide_category": "Landslide / Debris flow",
        "trigger": "Rainfall / Monsoon",
        "fatalities": 0
      }
    },
    {
      "type": "Feature",
      "geometry": {
        "type": "Point",
        "coordinates": [
          88.59292517,
          27.23279809
        ]
      },
      "properties": {
        "event_id": "11443",
        "event_date": "2018/05/26 00:00:00+00",
        "country_name": "India",
        "state_name": "NER",
        "landslide_category": "Landslide / Debris flow",
        "trigger": "Rainfall / Monsoon",
        "fatalities": 0
      }
    },
    {
      "type": "Feature",
      "geometry": {
        "type": "Point",
        "coordinates": [
          93.65572622,
          23.90468098
        ]
      },
      "properties": {
        "event_id": "11939",
        "event_date": "1970/01/01 00:00:00+00",
        "country_name": "India",
        "state_name": "NER",
        "landslide_category": "Landslide / Debris flow",
        "trigger": "Rainfall / Monsoon",
        "fatalities": 0
      }
    },
    {
      "type": "Feature",
      "geometry": {
        "type": "Point",
        "coordinates": [
          93.66077546,
          23.89408417
        ]
      },
      "properties": {
        "event_id": "11941",
        "event_date": "1970/01/01 00:00:00+00",
        "country_name": "India",
        "state_name": "NER",
        "landslide_category": "Landslide / Debris flow",
        "trigger": "Rainfall / Monsoon",
        "fatalities": 0
      }
    },
    {
      "type": "Feature",
      "geometry": {
        "type": "Point",
        "coordinates": [
          93.02746602,
          23.65637182
        ]
      },
      "properties": {
        "event_id": "10962",
        "event_date": "2017/06/17 00:00:00+00",
        "country_name": "India",
        "state_name": "NER",
        "landslide_category": "Landslide / Debris flow",
        "trigger": "Rainfall / Monsoon",
        "fatalities": 0
      }
    },
    {
      "type": "Feature",
      "geometry": {
        "type": "Point",
        "coordinates": [
          93.61156568,
          27.104022
        ]
      },
      "properties": {
        "event_id": "11171",
        "event_date": "2017/04/26 00:00:00+00",
        "country_name": "India",
        "state_name": "NER",
        "landslide_category": "Landslide / Debris flow",
        "trigger": "Rainfall / Monsoon",
        "fatalities": 0
      }
    },
    {
      "type": "Feature",
      "geometry": {
        "type": "Point",
        "coordinates": [
          92.78260587,
          26.96437841
        ]
      },
      "properties": {
        "event_id": "11178",
        "event_date": "2017/06/18 00:00:00+00",
        "country_name": "India",
        "state_name": "NER",
        "landslide_category": "Landslide / Debris flow",
        "trigger": "Rainfall / Monsoon",
        "fatalities": 0
      }
    },
    {
      "type": "Feature",
      "geometry": {
        "type": "Point",
        "coordinates": [
          93.19829091,
          22.88911289
        ]
      },
      "properties": {
        "event_id": "11580",
        "event_date": "1970/01/01 00:00:00+00",
        "country_name": "India",
        "state_name": "NER",
        "landslide_category": "Landslide / Debris flow",
        "trigger": "Rainfall / Monsoon",
        "fatalities": 0
      }
    },
    {
      "type": "Feature",
      "geometry": {
        "type": "Point",
        "coordinates": [
          88.4575,
          27.1344
        ]
      },
      "properties": {
        "event_id": "1111",
        "event_date": "2009/08/20 00:00:00+00",
        "country_name": "India",
        "state_name": "NER",
        "landslide_category": "Landslide / Debris flow",
        "trigger": "Rainfall / Monsoon",
        "fatalities": 0
      }
    },
    {
      "type": "Feature",
      "geometry": {
        "type": "Point",
        "coordinates": [
          95.2253,
          27.8458
        ]
      },
      "properties": {
        "event_id": "4570",
        "event_date": "2012/09/19 00:00:00+00",
        "country_name": "India",
        "state_name": "NER",
        "landslide_category": "Landslide / Debris flow",
        "trigger": "Rainfall / Monsoon",
        "fatalities": 0
      }
    },
    {
      "type": "Feature",
      "geometry": {
        "type": "Point",
        "coordinates": [
          94.5234,
          25.8376
        ]
      },
      "properties": {
        "event_id": "5269",
        "event_date": "2013/08/04 00:00:00+00",
        "country_name": "India",
        "state_name": "NER",
        "landslide_category": "Landslide / Debris flow",
        "trigger": "Rainfall / Monsoon",
        "fatalities": 0
      }
    },
    {
      "type": "Feature",
      "geometry": {
        "type": "Point",
        "coordinates": [
          88.4694,
          27.059
        ]
      },
      "properties": {
        "event_id": "6146",
        "event_date": "2014/07/15 00:00:00+00",
        "country_name": "India",
        "state_name": "NER",
        "landslide_category": "Landslide / Debris flow",
        "trigger": "Rainfall / Monsoon",
        "fatalities": 0
      }
    },
    {
      "type": "Feature",
      "geometry": {
        "type": "Point",
        "coordinates": [
          91.9538,
          22.0104
        ]
      },
      "properties": {
        "event_id": "7023",
        "event_date": "2015/06/01 00:00:00+00",
        "country_name": "India",
        "state_name": "NER",
        "landslide_category": "Landslide / Debris flow",
        "trigger": "Rainfall / Monsoon",
        "fatalities": 0
      }
    },
    {
      "type": "Feature",
      "geometry": {
        "type": "Point",
        "coordinates": [
          93.123,
          25.1718
        ]
      },
      "properties": {
        "event_id": "1127",
        "event_date": "2009/08/27 00:00:00+00",
        "country_name": "India",
        "state_name": "NER",
        "landslide_category": "Landslide / Debris flow",
        "trigger": "Rainfall / Monsoon",
        "fatalities": 0
      }
    },
    {
      "type": "Feature",
      "geometry": {
        "type": "Point",
        "coordinates": [
          88.6475,
          27.5509
        ]
      },
      "properties": {
        "event_id": "2112",
        "event_date": "2010/07/21 00:00:00+00",
        "country_name": "India",
        "state_name": "NER",
        "landslide_category": "Landslide / Debris flow",
        "trigger": "Rainfall / Monsoon",
        "fatalities": 0
      }
    },
    {
      "type": "Feature",
      "geometry": {
        "type": "Point",
        "coordinates": [
          88.263,
          27.0366
        ]
      },
      "properties": {
        "event_id": "2201",
        "event_date": "2010/08/05 00:00:00+00",
        "country_name": "India",
        "state_name": "NER",
        "landslide_category": "Landslide / Debris flow",
        "trigger": "Rainfall / Monsoon",
        "fatalities": 0
      }
    },
    {
      "type": "Feature",
      "geometry": {
        "type": "Point",
        "coordinates": [
          95.5728,
          29.8901
        ]
      },
      "properties": {
        "event_id": "5039",
        "event_date": "2013/07/06 00:00:00+00",
        "country_name": "India",
        "state_name": "NER",
        "landslide_category": "Landslide / Debris flow",
        "trigger": "Rainfall / Monsoon",
        "fatalities": 0
      }
    },
    {
      "type": "Feature",
      "geometry": {
        "type": "Point",
        "coordinates": [
          97.4381,
          25.8509
        ]
      },
      "properties": {
        "event_id": "5969",
        "event_date": "2014/03/20 00:00:00+00",
        "country_name": "India",
        "state_name": "NER",
        "landslide_category": "Landslide / Debris flow",
        "trigger": "Rainfall / Monsoon",
        "fatalities": 0
      }
    },
    {
      "type": "Feature",
      "geometry": {
        "type": "Point",
        "coordinates": [
          88.4397,
          27.0816
        ]
      },
      "properties": {
        "event_id": "7138",
        "event_date": "2015/07/07 00:00:00+00",
        "country_name": "India",
        "state_name": "NER",
        "landslide_category": "Landslide / Debris flow",
        "trigger": "Rainfall / Monsoon",
        "fatalities": 0
      }
    },
    {
      "type": "Feature",
      "geometry": {
        "type": "Point",
        "coordinates": [
          92.94670614,
          25.15246863
        ]
      },
      "properties": {
        "event_id": "9750",
        "event_date": "2017/06/04 00:00:00+00",
        "country_name": "India",
        "state_name": "NER",
        "landslide_category": "Landslide / Debris flow",
        "trigger": "Rainfall / Monsoon",
        "fatalities": 0
      }
    },
    {
      "type": "Feature",
      "geometry": {
        "type": "Point",
        "coordinates": [
          92.16404889,
          22.59420297
        ]
      },
      "properties": {
        "event_id": "9721",
        "event_date": "2017/06/12 00:00:00+00",
        "country_name": "India",
        "state_name": "NER",
        "landslide_category": "Landslide / Debris flow",
        "trigger": "Rainfall / Monsoon",
        "fatalities": 0
      }
    },
    {
      "type": "Feature",
      "geometry": {
        "type": "Point",
        "coordinates": [
          89.9019,
          27.8122
        ]
      },
      "properties": {
        "event_id": "2117",
        "event_date": "2010/07/22 00:00:00+00",
        "country_name": "India",
        "state_name": "NER",
        "landslide_category": "Landslide / Debris flow",
        "trigger": "Rainfall / Monsoon",
        "fatalities": 0
      }
    },
    {
      "type": "Feature",
      "geometry": {
        "type": "Point",
        "coordinates": [
          93.4221,
          24.7505
        ]
      },
      "properties": {
        "event_id": "2344",
        "event_date": "2010/08/27 00:00:00+00",
        "country_name": "India",
        "state_name": "NER",
        "landslide_category": "Landslide / Debris flow",
        "trigger": "Rainfall / Monsoon",
        "fatalities": 0
      }
    },
    {
      "type": "Feature",
      "geometry": {
        "type": "Point",
        "coordinates": [
          92.1453,
          22.6368
        ]
      },
      "properties": {
        "event_id": "85",
        "event_date": "2007/06/11 00:00:00+00",
        "country_name": "India",
        "state_name": "NER",
        "landslide_category": "Landslide / Debris flow",
        "trigger": "Rainfall / Monsoon",
        "fatalities": 0
      }
    },
    {
      "type": "Feature",
      "geometry": {
        "type": "Point",
        "coordinates": [
          91.8138,
          22.3496
        ]
      },
      "properties": {
        "event_id": "8280",
        "event_date": "2015/09/21 00:00:00+00",
        "country_name": "India",
        "state_name": "NER",
        "landslide_category": "Landslide / Debris flow",
        "trigger": "Rainfall / Monsoon",
        "fatalities": 0
      }
    },
    {
      "type": "Feature",
      "geometry": {
        "type": "Point",
        "coordinates": [
          92.4943,
          24.4638
        ]
      },
      "properties": {
        "event_id": "9338",
        "event_date": "2016/05/18 00:00:00+00",
        "country_name": "India",
        "state_name": "NER",
        "landslide_category": "Landslide / Debris flow",
        "trigger": "Rainfall / Monsoon",
        "fatalities": 0
      }
    },
    {
      "type": "Feature",
      "geometry": {
        "type": "Point",
        "coordinates": [
          92.3576,
          24.8669
        ]
      },
      "properties": {
        "event_id": "6016",
        "event_date": "2014/05/09 00:00:00+00",
        "country_name": "India",
        "state_name": "NER",
        "landslide_category": "Landslide / Debris flow",
        "trigger": "Rainfall / Monsoon",
        "fatalities": 0
      }
    },
    {
      "type": "Feature",
      "geometry": {
        "type": "Point",
        "coordinates": [
          94.1167,
          27.2333
        ]
      },
      "properties": {
        "event_id": "869",
        "event_date": "2008/10/29 00:00:00+00",
        "country_name": "India",
        "state_name": "NER",
        "landslide_category": "Landslide / Debris flow",
        "trigger": "Rainfall / Monsoon",
        "fatalities": 0
      }
    },
    {
      "type": "Feature",
      "geometry": {
        "type": "Point",
        "coordinates": [
          94.3429,
          24.3527
        ]
      },
      "properties": {
        "event_id": "3830",
        "event_date": "2011/07/22 00:00:00+00",
        "country_name": "India",
        "state_name": "NER",
        "landslide_category": "Landslide / Debris flow",
        "trigger": "Rainfall / Monsoon",
        "fatalities": 0
      }
    },
    {
      "type": "Feature",
      "geometry": {
        "type": "Point",
        "coordinates": [
          88.4553,
          26.9282
        ]
      },
      "properties": {
        "event_id": "7076",
        "event_date": "2015/07/04 00:00:00+00",
        "country_name": "India",
        "state_name": "NER",
        "landslide_category": "Landslide / Debris flow",
        "trigger": "Rainfall / Monsoon",
        "fatalities": 0
      }
    },
    {
      "type": "Feature",
      "geometry": {
        "type": "Point",
        "coordinates": [
          92.7239,
          24.5202
        ]
      },
      "properties": {
        "event_id": "9335",
        "event_date": "2016/05/18 00:00:00+00",
        "country_name": "India",
        "state_name": "NER",
        "landslide_category": "Landslide / Debris flow",
        "trigger": "Rainfall / Monsoon",
        "fatalities": 0
      }
    },
    {
      "type": "Feature",
      "geometry": {
        "type": "Point",
        "coordinates": [
          88.3603,
          27.0377
        ]
      },
      "properties": {
        "event_id": "4552",
        "event_date": "2012/09/14 00:00:00+00",
        "country_name": "India",
        "state_name": "NER",
        "landslide_category": "Landslide / Debris flow",
        "trigger": "Rainfall / Monsoon",
        "fatalities": 0
      }
    },
    {
      "type": "Feature",
      "geometry": {
        "type": "Point",
        "coordinates": [
          88.4909,
          27.2084
        ]
      },
      "properties": {
        "event_id": "260",
        "event_date": "2007/09/11 00:00:00+00",
        "country_name": "India",
        "state_name": "NER",
        "landslide_category": "Landslide / Debris flow",
        "trigger": "Rainfall / Monsoon",
        "fatalities": 0
      }
    },
    {
      "type": "Feature",
      "geometry": {
        "type": "Point",
        "coordinates": [
          93.8443,
          24.9356
        ]
      },
      "properties": {
        "event_id": "2182",
        "event_date": "2010/07/31 00:00:00+00",
        "country_name": "India",
        "state_name": "NER",
        "landslide_category": "Landslide / Debris flow",
        "trigger": "Rainfall / Monsoon",
        "fatalities": 0
      }
    },
    {
      "type": "Feature",
      "geometry": {
        "type": "Point",
        "coordinates": [
          93.0038,
          26.5836
        ]
      },
      "properties": {
        "event_id": "3837",
        "event_date": "2011/07/24 00:00:00+00",
        "country_name": "India",
        "state_name": "NER",
        "landslide_category": "Landslide / Debris flow",
        "trigger": "Rainfall / Monsoon",
        "fatalities": 0
      }
    },
    {
      "type": "Feature",
      "geometry": {
        "type": "Point",
        "coordinates": [
          88.4301,
          27.0257
        ]
      },
      "properties": {
        "event_id": "6965",
        "event_date": "2015/06/17 00:00:00+00",
        "country_name": "India",
        "state_name": "NER",
        "landslide_category": "Landslide / Debris flow",
        "trigger": "Rainfall / Monsoon",
        "fatalities": 0
      }
    },
    {
      "type": "Feature",
      "geometry": {
        "type": "Point",
        "coordinates": [
          90.8,
          27.05
        ]
      },
      "properties": {
        "event_id": "758",
        "event_date": "2008/08/29 00:00:00+00",
        "country_name": "India",
        "state_name": "NER",
        "landslide_category": "Landslide / Debris flow",
        "trigger": "Rainfall / Monsoon",
        "fatalities": 0
      }
    },
    {
      "type": "Feature",
      "geometry": {
        "type": "Point",
        "coordinates": [
          88.40011959,
          26.74452462
        ]
      },
      "properties": {
        "event_id": "1092",
        "event_date": "2009/08/16 00:00:00+00",
        "country_name": "India",
        "state_name": "NER",
        "landslide_category": "Landslide / Debris flow",
        "trigger": "Rainfall / Monsoon",
        "fatalities": 0
      }
    },
    {
      "type": "Feature",
      "geometry": {
        "type": "Point",
        "coordinates": [
          92.801,
          25.0477
        ]
      },
      "properties": {
        "event_id": "2140",
        "event_date": "2010/07/25 00:00:00+00",
        "country_name": "India",
        "state_name": "NER",
        "landslide_category": "Landslide / Debris flow",
        "trigger": "Rainfall / Monsoon",
        "fatalities": 0
      }
    },
    {
      "type": "Feature",
      "geometry": {
        "type": "Point",
        "coordinates": [
          93.5039,
          24.7543
        ]
      },
      "properties": {
        "event_id": "1954",
        "event_date": "2010/06/07 00:00:00+00",
        "country_name": "India",
        "state_name": "NER",
        "landslide_category": "Landslide / Debris flow",
        "trigger": "Rainfall / Monsoon",
        "fatalities": 0
      }
    },
    {
      "type": "Feature",
      "geometry": {
        "type": "Point",
        "coordinates": [
          97.8542,
          25.4053
        ]
      },
      "properties": {
        "event_id": "1813",
        "event_date": "2010/05/03 00:00:00+00",
        "country_name": "India",
        "state_name": "NER",
        "landslide_category": "Landslide / Debris flow",
        "trigger": "Rainfall / Monsoon",
        "fatalities": 0
      }
    },
    {
      "type": "Feature",
      "geometry": {
        "type": "Point",
        "coordinates": [
          92.8416,
          22.7176
        ]
      },
      "properties": {
        "event_id": "2426",
        "event_date": "2010/09/13 00:00:00+00",
        "country_name": "India",
        "state_name": "NER",
        "landslide_category": "Landslide / Debris flow",
        "trigger": "Rainfall / Monsoon",
        "fatalities": 0
      }
    },
    {
      "type": "Feature",
      "geometry": {
        "type": "Point",
        "coordinates": [
          88.268,
          26.9599
        ]
      },
      "properties": {
        "event_id": "1090",
        "event_date": "2009/08/16 00:00:00+00",
        "country_name": "India",
        "state_name": "NER",
        "landslide_category": "Landslide / Debris flow",
        "trigger": "Rainfall / Monsoon",
        "fatalities": 0
      }
    },
    {
      "type": "Feature",
      "geometry": {
        "type": "Point",
        "coordinates": [
          91.881892,
          25.907233
        ]
      },
      "properties": {
        "event_id": "9789",
        "event_date": "2017/05/26 00:00:00+00",
        "country_name": "India",
        "state_name": "NER",
        "landslide_category": "Landslide / Debris flow",
        "trigger": "Rainfall / Monsoon",
        "fatalities": 0
      }
    },
    {
      "type": "Feature",
      "geometry": {
        "type": "Point",
        "coordinates": [
          92.74744512,
          23.73354779
        ]
      },
      "properties": {
        "event_id": "9712",
        "event_date": "2017/06/10 00:00:00+00",
        "country_name": "India",
        "state_name": "NER",
        "landslide_category": "Landslide / Debris flow",
        "trigger": "Rainfall / Monsoon",
        "fatalities": 0
      }
    },
    {
      "type": "Feature",
      "geometry": {
        "type": "Point",
        "coordinates": [
          93.61899644,
          27.04768643
        ]
      },
      "properties": {
        "event_id": "9933",
        "event_date": "2017/06/30 00:00:00+00",
        "country_name": "India",
        "state_name": "NER",
        "landslide_category": "Landslide / Debris flow",
        "trigger": "Rainfall / Monsoon",
        "fatalities": 0
      }
    },
    {
      "type": "Feature",
      "geometry": {
        "type": "Point",
        "coordinates": [
          91.885,
          25.5728
        ]
      },
      "properties": {
        "event_id": "2025",
        "event_date": "2010/06/28 00:00:00+00",
        "country_name": "India",
        "state_name": "NER",
        "landslide_category": "Landslide / Debris flow",
        "trigger": "Rainfall / Monsoon",
        "fatalities": 0
      }
    },
    {
      "type": "Feature",
      "geometry": {
        "type": "Point",
        "coordinates": [
          91.8584,
          25.9703
        ]
      },
      "properties": {
        "event_id": "8012",
        "event_date": "2015/09/06 00:00:00+00",
        "country_name": "India",
        "state_name": "NER",
        "landslide_category": "Landslide / Debris flow",
        "trigger": "Rainfall / Monsoon",
        "fatalities": 0
      }
    },
    {
      "type": "Feature",
      "geometry": {
        "type": "Point",
        "coordinates": [
          88.7334,
          27.3702
        ]
      },
      "properties": {
        "event_id": "2392",
        "event_date": "2010/09/04 00:00:00+00",
        "country_name": "India",
        "state_name": "NER",
        "landslide_category": "Landslide / Debris flow",
        "trigger": "Rainfall / Monsoon",
        "fatalities": 0
      }
    },
    {
      "type": "Feature",
      "geometry": {
        "type": "Point",
        "coordinates": [
          94.48214677,
          25.3098633
        ]
      },
      "properties": {
        "event_id": "2164",
        "event_date": "2010/07/29 00:00:00+00",
        "country_name": "India",
        "state_name": "NER",
        "landslide_category": "Landslide / Debris flow",
        "trigger": "Rainfall / Monsoon",
        "fatalities": 0
      }
    },
    {
      "type": "Feature",
      "geometry": {
        "type": "Point",
        "coordinates": [
          92.10434768,
          21.23699085
        ]
      },
      "properties": {
        "event_id": "10000",
        "event_date": "2017/07/05 00:00:00+00",
        "country_name": "India",
        "state_name": "NER",
        "landslide_category": "Landslide / Debris flow",
        "trigger": "Rainfall / Monsoon",
        "fatalities": 0
      }
    },
    {
      "type": "Feature",
      "geometry": {
        "type": "Point",
        "coordinates": [
          92.6755,
          24.2315
        ]
      },
      "properties": {
        "event_id": "4845",
        "event_date": "2013/05/07 00:00:00+00",
        "country_name": "India",
        "state_name": "NER",
        "landslide_category": "Landslide / Debris flow",
        "trigger": "Rainfall / Monsoon",
        "fatalities": 0
      }
    },
    {
      "type": "Feature",
      "geometry": {
        "type": "Point",
        "coordinates": [
          93.94633448,
          25.83762589
        ]
      },
      "properties": {
        "event_id": "10024",
        "event_date": "2017/06/25 00:00:00+00",
        "country_name": "India",
        "state_name": "NER",
        "landslide_category": "Landslide / Debris flow",
        "trigger": "Rainfall / Monsoon",
        "fatalities": 0
      }
    },
    {
      "type": "Feature",
      "geometry": {
        "type": "Point",
        "coordinates": [
          92.7362,
          23.7131
        ]
      },
      "properties": {
        "event_id": "6963",
        "event_date": "2015/06/19 00:00:00+00",
        "country_name": "India",
        "state_name": "NER",
        "landslide_category": "Landslide / Debris flow",
        "trigger": "Rainfall / Monsoon",
        "fatalities": 0
      }
    },
    {
      "type": "Feature",
      "geometry": {
        "type": "Point",
        "coordinates": [
          92.72124394,
          23.73478778
        ]
      },
      "properties": {
        "event_id": "1222",
        "event_date": "2009/10/05 00:00:00+00",
        "country_name": "India",
        "state_name": "NER",
        "landslide_category": "Landslide / Debris flow",
        "trigger": "Rainfall / Monsoon",
        "fatalities": 0
      }
    },
    {
      "type": "Feature",
      "geometry": {
        "type": "Point",
        "coordinates": [
          91.7599,
          26.1771
        ]
      },
      "properties": {
        "event_id": "4859",
        "event_date": "2013/05/11 00:00:00+00",
        "country_name": "India",
        "state_name": "NER",
        "landslide_category": "Landslide / Debris flow",
        "trigger": "Rainfall / Monsoon",
        "fatalities": 0
      }
    },
    {
      "type": "Feature",
      "geometry": {
        "type": "Point",
        "coordinates": [
          96.2907,
          25.6115
        ]
      },
      "properties": {
        "event_id": "6930",
        "event_date": "2015/03/30 00:00:00+00",
        "country_name": "India",
        "state_name": "NER",
        "landslide_category": "Landslide / Debris flow",
        "trigger": "Rainfall / Monsoon",
        "fatalities": 0
      }
    },
    {
      "type": "Feature",
      "geometry": {
        "type": "Point",
        "coordinates": [
          94.4922,
          26.1699
        ]
      },
      "properties": {
        "event_id": "8930",
        "event_date": "2016/07/11 00:00:00+00",
        "country_name": "India",
        "state_name": "NER",
        "landslide_category": "Landslide / Debris flow",
        "trigger": "Rainfall / Monsoon",
        "fatalities": 0
      }
    },
    {
      "type": "Feature",
      "geometry": {
        "type": "Point",
        "coordinates": [
          96.3005,
          25.6172
        ]
      },
      "properties": {
        "event_id": "6656",
        "event_date": "2015/01/06 00:00:00+00",
        "country_name": "India",
        "state_name": "NER",
        "landslide_category": "Landslide / Debris flow",
        "trigger": "Rainfall / Monsoon",
        "fatalities": 0
      }
    },
    {
      "type": "Feature",
      "geometry": {
        "type": "Point",
        "coordinates": [
          92.6921,
          24.1293
        ]
      },
      "properties": {
        "event_id": "285",
        "event_date": "2007/09/29 00:00:00+00",
        "country_name": "India",
        "state_name": "NER",
        "landslide_category": "Landslide / Debris flow",
        "trigger": "Rainfall / Monsoon",
        "fatalities": 0
      }
    },
    {
      "type": "Feature",
      "geometry": {
        "type": "Point",
        "coordinates": [
          91.7483,
          25.1472
        ]
      },
      "properties": {
        "event_id": "6792",
        "event_date": "2015/02/22 00:00:00+00",
        "country_name": "India",
        "state_name": "NER",
        "landslide_category": "Landslide / Debris flow",
        "trigger": "Rainfall / Monsoon",
        "fatalities": 0
      }
    },
    {
      "type": "Feature",
      "geometry": {
        "type": "Point",
        "coordinates": [
          91.8252,
          22.3312
        ]
      },
      "properties": {
        "event_id": "4432",
        "event_date": "2012/06/24 00:00:00+00",
        "country_name": "India",
        "state_name": "NER",
        "landslide_category": "Landslide / Debris flow",
        "trigger": "Rainfall / Monsoon",
        "fatalities": 0
      }
    },
    {
      "type": "Feature",
      "geometry": {
        "type": "Point",
        "coordinates": [
          91.8644,
          24.9007
        ]
      },
      "properties": {
        "event_id": "9308",
        "event_date": "2016/02/16 00:00:00+00",
        "country_name": "India",
        "state_name": "NER",
        "landslide_category": "Landslide / Debris flow",
        "trigger": "Rainfall / Monsoon",
        "fatalities": 0
      }
    },
    {
      "type": "Feature",
      "geometry": {
        "type": "Point",
        "coordinates": [
          94.8133,
          26.2363
        ]
      },
      "properties": {
        "event_id": "2045",
        "event_date": "2010/07/06 00:00:00+00",
        "country_name": "India",
        "state_name": "NER",
        "landslide_category": "Landslide / Debris flow",
        "trigger": "Rainfall / Monsoon",
        "fatalities": 0
      }
    },
    {
      "type": "Feature",
      "geometry": {
        "type": "Point",
        "coordinates": [
          93.9136,
          25.7428
        ]
      },
      "properties": {
        "event_id": "215",
        "event_date": "2007/08/28 00:00:00+00",
        "country_name": "India",
        "state_name": "NER",
        "landslide_category": "Landslide / Debris flow",
        "trigger": "Rainfall / Monsoon",
        "fatalities": 0
      }
    },
    {
      "type": "Feature",
      "geometry": {
        "type": "Point",
        "coordinates": [
          91.7174,
          23.0137
        ]
      },
      "properties": {
        "event_id": "6513",
        "event_date": "2014/08/14 00:00:00+00",
        "country_name": "India",
        "state_name": "NER",
        "landslide_category": "Landslide / Debris flow",
        "trigger": "Rainfall / Monsoon",
        "fatalities": 0
      }
    },
    {
      "type": "Feature",
      "geometry": {
        "type": "Point",
        "coordinates": [
          91.87113067,
          25.82601444
        ]
      },
      "properties": {
        "event_id": "10988",
        "event_date": "2017/07/09 00:00:00+00",
        "country_name": "India",
        "state_name": "NER",
        "landslide_category": "Landslide / Debris flow",
        "trigger": "Rainfall / Monsoon",
        "fatalities": 0
      }
    },
    {
      "type": "Feature",
      "geometry": {
        "type": "Point",
        "coordinates": [
          89.90712175,
          27.02099026
        ]
      },
      "properties": {
        "event_id": "11182",
        "event_date": "2017/07/08 00:00:00+00",
        "country_name": "India",
        "state_name": "NER",
        "landslide_category": "Landslide / Debris flow",
        "trigger": "Rainfall / Monsoon",
        "fatalities": 0
      }
    },
    {
      "type": "Feature",
      "geometry": {
        "type": "Point",
        "coordinates": [
          93.60505989,
          27.0844941
        ]
      },
      "properties": {
        "event_id": "11172",
        "event_date": "2017/07/09 00:00:00+00",
        "country_name": "India",
        "state_name": "NER",
        "landslide_category": "Landslide / Debris flow",
        "trigger": "Rainfall / Monsoon",
        "fatalities": 0
      }
    },
    {
      "type": "Feature",
      "geometry": {
        "type": "Point",
        "coordinates": [
          92.23034662,
          24.70412149
        ]
      },
      "properties": {
        "event_id": "10966",
        "event_date": "2017/06/18 00:00:00+00",
        "country_name": "India",
        "state_name": "NER",
        "landslide_category": "Landslide / Debris flow",
        "trigger": "Rainfall / Monsoon",
        "fatalities": 0
      }
    },
    {
      "type": "Feature",
      "geometry": {
        "type": "Point",
        "coordinates": [
          93.61882043,
          27.092916
        ]
      },
      "properties": {
        "event_id": "11165",
        "event_date": "2017/07/09 00:00:00+00",
        "country_name": "India",
        "state_name": "NER",
        "landslide_category": "Landslide / Debris flow",
        "trigger": "Rainfall / Monsoon",
        "fatalities": 0
      }
    },
    {
      "type": "Feature",
      "geometry": {
        "type": "Point",
        "coordinates": [
          91.8771,
          24.9016
        ]
      },
      "properties": {
        "event_id": "6982",
        "event_date": "2015/06/11 00:00:00+00",
        "country_name": "India",
        "state_name": "NER",
        "landslide_category": "Landslide / Debris flow",
        "trigger": "Rainfall / Monsoon",
        "fatalities": 0
      }
    },
    {
      "type": "Feature",
      "geometry": {
        "type": "Point",
        "coordinates": [
          88.497,
          27.2319
        ]
      },
      "properties": {
        "event_id": "2341",
        "event_date": "2010/08/26 00:00:00+00",
        "country_name": "India",
        "state_name": "NER",
        "landslide_category": "Landslide / Debris flow",
        "trigger": "Rainfall / Monsoon",
        "fatalities": 0
      }
    },
    {
      "type": "Feature",
      "geometry": {
        "type": "Point",
        "coordinates": [
          95.0283,
          26.7215
        ]
      },
      "properties": {
        "event_id": "2098",
        "event_date": "2010/07/19 00:00:00+00",
        "country_name": "India",
        "state_name": "NER",
        "landslide_category": "Landslide / Debris flow",
        "trigger": "Rainfall / Monsoon",
        "fatalities": 0
      }
    },
    {
      "type": "Feature",
      "geometry": {
        "type": "Point",
        "coordinates": [
          88.1218,
          27.1027
        ]
      },
      "properties": {
        "event_id": "9220",
        "event_date": "2016/07/26 00:00:00+00",
        "country_name": "India",
        "state_name": "NER",
        "landslide_category": "Landslide / Debris flow",
        "trigger": "Rainfall / Monsoon",
        "fatalities": 0
      }
    },
    {
      "type": "Feature",
      "geometry": {
        "type": "Point",
        "coordinates": [
          88.4441,
          26.944
        ]
      },
      "properties": {
        "event_id": "1963",
        "event_date": "2010/06/11 00:00:00+00",
        "country_name": "India",
        "state_name": "NER",
        "landslide_category": "Landslide / Debris flow",
        "trigger": "Rainfall / Monsoon",
        "fatalities": 0
      }
    },
    {
      "type": "Feature",
      "geometry": {
        "type": "Point",
        "coordinates": [
          93.8275,
          24.9336
        ]
      },
      "properties": {
        "event_id": "594",
        "event_date": "2008/06/19 00:00:00+00",
        "country_name": "India",
        "state_name": "NER",
        "landslide_category": "Landslide / Debris flow",
        "trigger": "Rainfall / Monsoon",
        "fatalities": 0
      }
    },
    {
      "type": "Feature",
      "geometry": {
        "type": "Point",
        "coordinates": [
          88.4658,
          27.1141
        ]
      },
      "properties": {
        "event_id": "3813",
        "event_date": "2011/07/20 00:00:00+00",
        "country_name": "India",
        "state_name": "NER",
        "landslide_category": "Landslide / Debris flow",
        "trigger": "Rainfall / Monsoon",
        "fatalities": 0
      }
    },
    {
      "type": "Feature",
      "geometry": {
        "type": "Point",
        "coordinates": [
          92.19530189,
          21.23704301
        ]
      },
      "properties": {
        "event_id": "1975",
        "event_date": "2010/06/15 00:00:00+00",
        "country_name": "India",
        "state_name": "NER",
        "landslide_category": "Landslide / Debris flow",
        "trigger": "Rainfall / Monsoon",
        "fatalities": 0
      }
    },
    {
      "type": "Feature",
      "geometry": {
        "type": "Point",
        "coordinates": [
          94.7861,
          25.8877
        ]
      },
      "properties": {
        "event_id": "2044",
        "event_date": "2010/07/06 00:00:00+00",
        "country_name": "India",
        "state_name": "NER",
        "landslide_category": "Landslide / Debris flow",
        "trigger": "Rainfall / Monsoon",
        "fatalities": 0
      }
    },
    {
      "type": "Feature",
      "geometry": {
        "type": "Point",
        "coordinates": [
          91.8161,
          22.344
        ]
      },
      "properties": {
        "event_id": "3680",
        "event_date": "2011/07/01 00:00:00+00",
        "country_name": "India",
        "state_name": "NER",
        "landslide_category": "Landslide / Debris flow",
        "trigger": "Rainfall / Monsoon",
        "fatalities": 0
      }
    },
    {
      "type": "Feature",
      "geometry": {
        "type": "Point",
        "coordinates": [
          94.1211,
          25.5718
        ]
      },
      "properties": {
        "event_id": "2304",
        "event_date": "2010/08/21 00:00:00+00",
        "country_name": "India",
        "state_name": "NER",
        "landslide_category": "Landslide / Debris flow",
        "trigger": "Rainfall / Monsoon",
        "fatalities": 0
      }
    },
    {
      "type": "Feature",
      "geometry": {
        "type": "Point",
        "coordinates": [
          94.0984,
          24.416
        ]
      },
      "properties": {
        "event_id": "7388",
        "event_date": "2015/08/01 00:00:00+00",
        "country_name": "India",
        "state_name": "NER",
        "landslide_category": "Landslide / Debris flow",
        "trigger": "Rainfall / Monsoon",
        "fatalities": 0
      }
    },
    {
      "type": "Feature",
      "geometry": {
        "type": "Point",
        "coordinates": [
          93.0748,
          23.3439
        ]
      },
      "properties": {
        "event_id": "2425",
        "event_date": "2010/09/13 00:00:00+00",
        "country_name": "India",
        "state_name": "NER",
        "landslide_category": "Landslide / Debris flow",
        "trigger": "Rainfall / Monsoon",
        "fatalities": 0
      }
    },
    {
      "type": "Feature",
      "geometry": {
        "type": "Point",
        "coordinates": [
          94.1076,
          25.682
        ]
      },
      "properties": {
        "event_id": "2579",
        "event_date": "2010/10/09 00:00:00+00",
        "country_name": "India",
        "state_name": "NER",
        "landslide_category": "Landslide / Debris flow",
        "trigger": "Rainfall / Monsoon",
        "fatalities": 0
      }
    },
    {
      "type": "Feature",
      "geometry": {
        "type": "Point",
        "coordinates": [
          90.4997,
          27.0524
        ]
      },
      "properties": {
        "event_id": "1225",
        "event_date": "2009/10/06 00:00:00+00",
        "country_name": "India",
        "state_name": "NER",
        "landslide_category": "Landslide / Debris flow",
        "trigger": "Rainfall / Monsoon",
        "fatalities": 0
      }
    },
    {
      "type": "Feature",
      "geometry": {
        "type": "Point",
        "coordinates": [
          94.8885,
          28.9986
        ]
      },
      "properties": {
        "event_id": "4446",
        "event_date": "2012/07/05 00:00:00+00",
        "country_name": "India",
        "state_name": "NER",
        "landslide_category": "Landslide / Debris flow",
        "trigger": "Rainfall / Monsoon",
        "fatalities": 0
      }
    },
    {
      "type": "Feature",
      "geometry": {
        "type": "Point",
        "coordinates": [
          92.5217,
          23.7705
        ]
      },
      "properties": {
        "event_id": "4610",
        "event_date": "2012/11/11 00:00:00+00",
        "country_name": "India",
        "state_name": "NER",
        "landslide_category": "Landslide / Debris flow",
        "trigger": "Rainfall / Monsoon",
        "fatalities": 0
      }
    },
    {
      "type": "Feature",
      "geometry": {
        "type": "Point",
        "coordinates": [
          88.2374,
          23.9304
        ]
      },
      "properties": {
        "event_id": "133",
        "event_date": "2007/07/21 00:00:00+00",
        "country_name": "India",
        "state_name": "NER",
        "landslide_category": "Landslide / Debris flow",
        "trigger": "Rainfall / Monsoon",
        "fatalities": 0
      }
    },
    {
      "type": "Feature",
      "geometry": {
        "type": "Point",
        "coordinates": [
          88.125,
          26.8042
        ]
      },
      "properties": {
        "event_id": "1104",
        "event_date": "2009/08/19 00:00:00+00",
        "country_name": "India",
        "state_name": "NER",
        "landslide_category": "Landslide / Debris flow",
        "trigger": "Rainfall / Monsoon",
        "fatalities": 0
      }
    },
    {
      "type": "Feature",
      "geometry": {
        "type": "Point",
        "coordinates": [
          94.6055,
          26.1498
        ]
      },
      "properties": {
        "event_id": "5275",
        "event_date": "2013/08/04 00:00:00+00",
        "country_name": "India",
        "state_name": "NER",
        "landslide_category": "Landslide / Debris flow",
        "trigger": "Rainfall / Monsoon",
        "fatalities": 0
      }
    },
    {
      "type": "Feature",
      "geometry": {
        "type": "Point",
        "coordinates": [
          96.4669,
          22.1334
        ]
      },
      "properties": {
        "event_id": "8708",
        "event_date": "2015/10/13 00:00:00+00",
        "country_name": "India",
        "state_name": "NER",
        "landslide_category": "Landslide / Debris flow",
        "trigger": "Rainfall / Monsoon",
        "fatalities": 0
      }
    },
    {
      "type": "Feature",
      "geometry": {
        "type": "Point",
        "coordinates": [
          92.9296,
          23.591
        ]
      },
      "properties": {
        "event_id": "2424",
        "event_date": "2010/09/13 00:00:00+00",
        "country_name": "India",
        "state_name": "NER",
        "landslide_category": "Landslide / Debris flow",
        "trigger": "Rainfall / Monsoon",
        "fatalities": 0
      }
    },
    {
      "type": "Feature",
      "geometry": {
        "type": "Point",
        "coordinates": [
          88.6069,
          27.3383
        ]
      },
      "properties": {
        "event_id": "78",
        "event_date": "2007/05/23 00:00:00+00",
        "country_name": "India",
        "state_name": "NER",
        "landslide_category": "Landslide / Debris flow",
        "trigger": "Rainfall / Monsoon",
        "fatalities": 0
      }
    },
    {
      "type": "Feature",
      "geometry": {
        "type": "Point",
        "coordinates": [
          93.871,
          27.6438
        ]
      },
      "properties": {
        "event_id": "9168",
        "event_date": "2016/06/12 00:00:00+00",
        "country_name": "India",
        "state_name": "NER",
        "landslide_category": "Landslide / Debris flow",
        "trigger": "Rainfall / Monsoon",
        "fatalities": 0
      }
    },
    {
      "type": "Feature",
      "geometry": {
        "type": "Point",
        "coordinates": [
          88.4445,
          26.9435
        ]
      },
      "properties": {
        "event_id": "2261",
        "event_date": "2010/08/17 00:00:00+00",
        "country_name": "India",
        "state_name": "NER",
        "landslide_category": "Landslide / Debris flow",
        "trigger": "Rainfall / Monsoon",
        "fatalities": 0
      }
    },
    {
      "type": "Feature",
      "geometry": {
        "type": "Point",
        "coordinates": [
          91.7351,
          26.149
        ]
      },
      "properties": {
        "event_id": "4424",
        "event_date": "2012/06/20 00:00:00+00",
        "country_name": "India",
        "state_name": "NER",
        "landslide_category": "Landslide / Debris flow",
        "trigger": "Rainfall / Monsoon",
        "fatalities": 0
      }
    },
    {
      "type": "Feature",
      "geometry": {
        "type": "Point",
        "coordinates": [
          91.7356,
          26.1475
        ]
      },
      "properties": {
        "event_id": "4377",
        "event_date": "2012/06/02 00:00:00+00",
        "country_name": "India",
        "state_name": "NER",
        "landslide_category": "Landslide / Debris flow",
        "trigger": "Rainfall / Monsoon",
        "fatalities": 0
      }
    },
    {
      "type": "Feature",
      "geometry": {
        "type": "Point",
        "coordinates": [
          94.1383,
          25.48
        ]
      },
      "properties": {
        "event_id": "9186",
        "event_date": "2016/07/25 00:00:00+00",
        "country_name": "India",
        "state_name": "NER",
        "landslide_category": "Landslide / Debris flow",
        "trigger": "Rainfall / Monsoon",
        "fatalities": 0
      }
    },
    {
      "type": "Feature",
      "geometry": {
        "type": "Point",
        "coordinates": [
          95.1645,
          28.1193
        ]
      },
      "properties": {
        "event_id": "4757",
        "event_date": "2013/02/18 00:00:00+00",
        "country_name": "India",
        "state_name": "NER",
        "landslide_category": "Landslide / Debris flow",
        "trigger": "Rainfall / Monsoon",
        "fatalities": 0
      }
    },
    {
      "type": "Feature",
      "geometry": {
        "type": "Point",
        "coordinates": [
          93.117,
          24.808
        ]
      },
      "properties": {
        "event_id": "3965",
        "event_date": "2011/09/06 00:00:00+00",
        "country_name": "India",
        "state_name": "NER",
        "landslide_category": "Landslide / Debris flow",
        "trigger": "Rainfall / Monsoon",
        "fatalities": 0
      }
    },
    {
      "type": "Feature",
      "geometry": {
        "type": "Point",
        "coordinates": [
          90.215,
          25.5114
        ]
      },
      "properties": {
        "event_id": "6969",
        "event_date": "2015/06/16 00:00:00+00",
        "country_name": "India",
        "state_name": "NER",
        "landslide_category": "Landslide / Debris flow",
        "trigger": "Rainfall / Monsoon",
        "fatalities": 0
      }
    },
    {
      "type": "Feature",
      "geometry": {
        "type": "Point",
        "coordinates": [
          88.1389,
          26.7973
        ]
      },
      "properties": {
        "event_id": "10008",
        "event_date": "2016/08/09 00:00:00+00",
        "country_name": "India",
        "state_name": "NER",
        "landslide_category": "Landslide / Debris flow",
        "trigger": "Rainfall / Monsoon",
        "fatalities": 0
      }
    },
    {
      "type": "Feature",
      "geometry": {
        "type": "Point",
        "coordinates": [
          90.0896,
          25.5006
        ]
      },
      "properties": {
        "event_id": "6293",
        "event_date": "2014/10/20 00:00:00+00",
        "country_name": "India",
        "state_name": "NER",
        "landslide_category": "Landslide / Debris flow",
        "trigger": "Rainfall / Monsoon",
        "fatalities": 0
      }
    },
    {
      "type": "Feature",
      "geometry": {
        "type": "Point",
        "coordinates": [
          94.0926,
          25.3908
        ]
      },
      "properties": {
        "event_id": "7267",
        "event_date": "2015/07/22 00:00:00+00",
        "country_name": "India",
        "state_name": "NER",
        "landslide_category": "Landslide / Debris flow",
        "trigger": "Rainfall / Monsoon",
        "fatalities": 0
      }
    },
    {
      "type": "Feature",
      "geometry": {
        "type": "Point",
        "coordinates": [
          91.5327,
          22.894
        ]
      },
      "properties": {
        "event_id": "318",
        "event_date": "2007/10/19 00:00:00+00",
        "country_name": "India",
        "state_name": "NER",
        "landslide_category": "Landslide / Debris flow",
        "trigger": "Rainfall / Monsoon",
        "fatalities": 0
      }
    },
    {
      "type": "Feature",
      "geometry": {
        "type": "Point",
        "coordinates": [
          94.9152,
          26.222
        ]
      },
      "properties": {
        "event_id": "2248",
        "event_date": "2010/08/14 00:00:00+00",
        "country_name": "India",
        "state_name": "NER",
        "landslide_category": "Landslide / Debris flow",
        "trigger": "Rainfall / Monsoon",
        "fatalities": 0
      }
    },
    {
      "type": "Feature",
      "geometry": {
        "type": "Point",
        "coordinates": [
          92.7141905,
          23.74182634
        ]
      },
      "properties": {
        "event_id": "2422",
        "event_date": "2010/09/13 00:00:00+00",
        "country_name": "India",
        "state_name": "NER",
        "landslide_category": "Landslide / Debris flow",
        "trigger": "Rainfall / Monsoon",
        "fatalities": 0
      }
    },
    {
      "type": "Feature",
      "geometry": {
        "type": "Point",
        "coordinates": [
          93.0385,
          27.36
        ]
      },
      "properties": {
        "event_id": "7214",
        "event_date": "2015/07/15 00:00:00+00",
        "country_name": "India",
        "state_name": "NER",
        "landslide_category": "Landslide / Debris flow",
        "trigger": "Rainfall / Monsoon",
        "fatalities": 0
      }
    },
    {
      "type": "Feature",
      "geometry": {
        "type": "Point",
        "coordinates": [
          88.6428,
          27.3543
        ]
      },
      "properties": {
        "event_id": "1929",
        "event_date": "2010/05/31 00:00:00+00",
        "country_name": "India",
        "state_name": "NER",
        "landslide_category": "Landslide / Debris flow",
        "trigger": "Rainfall / Monsoon",
        "fatalities": 0
      }
    },
    {
      "type": "Feature",
      "geometry": {
        "type": "Point",
        "coordinates": [
          90.2167,
          25.5144
        ]
      },
      "properties": {
        "event_id": "3927",
        "event_date": "2011/08/16 00:00:00+00",
        "country_name": "India",
        "state_name": "NER",
        "landslide_category": "Landslide / Debris flow",
        "trigger": "Rainfall / Monsoon",
        "fatalities": 0
      }
    },
    {
      "type": "Feature",
      "geometry": {
        "type": "Point",
        "coordinates": [
          91.8177,
          22.3913
        ]
      },
      "properties": {
        "event_id": "7222",
        "event_date": "2015/07/19 00:00:00+00",
        "country_name": "India",
        "state_name": "NER",
        "landslide_category": "Landslide / Debris flow",
        "trigger": "Rainfall / Monsoon",
        "fatalities": 0
      }
    },
    {
      "type": "Feature",
      "geometry": {
        "type": "Point",
        "coordinates": [
          94.1913,
          24.4265
        ]
      },
      "properties": {
        "event_id": "7390",
        "event_date": "2015/08/01 00:00:00+00",
        "country_name": "India",
        "state_name": "NER",
        "landslide_category": "Landslide / Debris flow",
        "trigger": "Rainfall / Monsoon",
        "fatalities": 0
      }
    },
    {
      "type": "Feature",
      "geometry": {
        "type": "Point",
        "coordinates": [
          94.0906,
          23.9278
        ]
      },
      "properties": {
        "event_id": "7384",
        "event_date": "2015/08/01 00:00:00+00",
        "country_name": "India",
        "state_name": "NER",
        "landslide_category": "Landslide / Debris flow",
        "trigger": "Rainfall / Monsoon",
        "fatalities": 0
      }
    },
    {
      "type": "Feature",
      "geometry": {
        "type": "Point",
        "coordinates": [
          93.1265,
          25.3056
        ]
      },
      "properties": {
        "event_id": "4383",
        "event_date": "2012/06/03 00:00:00+00",
        "country_name": "India",
        "state_name": "NER",
        "landslide_category": "Landslide / Debris flow",
        "trigger": "Rainfall / Monsoon",
        "fatalities": 0
      }
    },
    {
      "type": "Feature",
      "geometry": {
        "type": "Point",
        "coordinates": [
          91.5642,
          24.3311
        ]
      },
      "properties": {
        "event_id": "6758",
        "event_date": "2015/02/09 00:00:00+00",
        "country_name": "India",
        "state_name": "NER",
        "landslide_category": "Landslide / Debris flow",
        "trigger": "Rainfall / Monsoon",
        "fatalities": 0
      }
    },
    {
      "type": "Feature",
      "geometry": {
        "type": "Point",
        "coordinates": [
          88.0446,
          27.7276
        ]
      },
      "properties": {
        "event_id": "2360",
        "event_date": "2010/08/29 00:00:00+00",
        "country_name": "India",
        "state_name": "NER",
        "landslide_category": "Landslide / Debris flow",
        "trigger": "Rainfall / Monsoon",
        "fatalities": 0
      }
    },
    {
      "type": "Feature",
      "geometry": {
        "type": "Point",
        "coordinates": [
          91.7548,
          26.1314
        ]
      },
      "properties": {
        "event_id": "6283",
        "event_date": "2014/09/22 00:00:00+00",
        "country_name": "India",
        "state_name": "NER",
        "landslide_category": "Landslide / Debris flow",
        "trigger": "Rainfall / Monsoon",
        "fatalities": 0
      }
    },
    {
      "type": "Feature",
      "geometry": {
        "type": "Point",
        "coordinates": [
          93.0083,
          25.1796
        ]
      },
      "properties": {
        "event_id": "2573",
        "event_date": "2010/10/09 00:00:00+00",
        "country_name": "India",
        "state_name": "NER",
        "landslide_category": "Landslide / Debris flow",
        "trigger": "Rainfall / Monsoon",
        "fatalities": 0
      }
    },
    {
      "type": "Feature",
      "geometry": {
        "type": "Point",
        "coordinates": [
          88.2891,
          27.2676
        ]
      },
      "properties": {
        "event_id": "9604",
        "event_date": "2016/10/12 00:00:00+00",
        "country_name": "India",
        "state_name": "NER",
        "landslide_category": "Landslide / Debris flow",
        "trigger": "Rainfall / Monsoon",
        "fatalities": 0
      }
    },
    {
      "type": "Feature",
      "geometry": {
        "type": "Point",
        "coordinates": [
          93.5291,
          24.7016
        ]
      },
      "properties": {
        "event_id": "7665",
        "event_date": "2015/08/11 00:00:00+00",
        "country_name": "India",
        "state_name": "NER",
        "landslide_category": "Landslide / Debris flow",
        "trigger": "Rainfall / Monsoon",
        "fatalities": 0
      }
    },
    {
      "type": "Feature",
      "geometry": {
        "type": "Point",
        "coordinates": [
          92.8025,
          25.0633
        ]
      },
      "properties": {
        "event_id": "1994",
        "event_date": "2010/06/16 00:00:00+00",
        "country_name": "India",
        "state_name": "NER",
        "landslide_category": "Landslide / Debris flow",
        "trigger": "Rainfall / Monsoon",
        "fatalities": 0
      }
    },
    {
      "type": "Feature",
      "geometry": {
        "type": "Point",
        "coordinates": [
          94.04,
          25.705
        ]
      },
      "properties": {
        "event_id": "692",
        "event_date": "2008/08/07 00:00:00+00",
        "country_name": "India",
        "state_name": "NER",
        "landslide_category": "Landslide / Debris flow",
        "trigger": "Rainfall / Monsoon",
        "fatalities": 0
      }
    },
    {
      "type": "Feature",
      "geometry": {
        "type": "Point",
        "coordinates": [
          89.9442,
          27.0502
        ]
      },
      "properties": {
        "event_id": "2109",
        "event_date": "2010/07/21 00:00:00+00",
        "country_name": "India",
        "state_name": "NER",
        "landslide_category": "Landslide / Debris flow",
        "trigger": "Rainfall / Monsoon",
        "fatalities": 0
      }
    },
    {
      "type": "Feature",
      "geometry": {
        "type": "Point",
        "coordinates": [
          91.27,
          25.52
        ]
      },
      "properties": {
        "event_id": "259",
        "event_date": "2007/09/11 00:00:00+00",
        "country_name": "India",
        "state_name": "NER",
        "landslide_category": "Landslide / Debris flow",
        "trigger": "Rainfall / Monsoon",
        "fatalities": 0
      }
    },
    {
      "type": "Feature",
      "geometry": {
        "type": "Point",
        "coordinates": [
          89.591,
          26.7969
        ]
      },
      "properties": {
        "event_id": "574",
        "event_date": "2008/06/07 00:00:00+00",
        "country_name": "India",
        "state_name": "NER",
        "landslide_category": "Landslide / Debris flow",
        "trigger": "Rainfall / Monsoon",
        "fatalities": 0
      }
    },
    {
      "type": "Feature",
      "geometry": {
        "type": "Point",
        "coordinates": [
          88.35,
          27.1667
        ]
      },
      "properties": {
        "event_id": "251",
        "event_date": "2007/09/09 00:00:00+00",
        "country_name": "India",
        "state_name": "NER",
        "landslide_category": "Landslide / Debris flow",
        "trigger": "Rainfall / Monsoon",
        "fatalities": 0
      }
    },
    {
      "type": "Feature",
      "geometry": {
        "type": "Point",
        "coordinates": [
          88.6463,
          27.6047
        ]
      },
      "properties": {
        "event_id": "5485",
        "event_date": "2013/09/08 00:00:00+00",
        "country_name": "India",
        "state_name": "NER",
        "landslide_category": "Landslide / Debris flow",
        "trigger": "Rainfall / Monsoon",
        "fatalities": 0
      }
    },
    {
      "type": "Feature",
      "geometry": {
        "type": "Point",
        "coordinates": [
          93.804,
          27.3034
        ]
      },
      "properties": {
        "event_id": "9010",
        "event_date": "2016/07/16 00:00:00+00",
        "country_name": "India",
        "state_name": "NER",
        "landslide_category": "Landslide / Debris flow",
        "trigger": "Rainfall / Monsoon",
        "fatalities": 0
      }
    },
    {
      "type": "Feature",
      "geometry": {
        "type": "Point",
        "coordinates": [
          92.8218248,
          22.03671727
        ]
      },
      "properties": {
        "event_id": "11954",
        "event_date": "1970/01/01 00:00:00+00",
        "country_name": "India",
        "state_name": "NER",
        "landslide_category": "Landslide / Debris flow",
        "trigger": "Rainfall / Monsoon",
        "fatalities": 0
      }
    },
    {
      "type": "Feature",
      "geometry": {
        "type": "Point",
        "coordinates": [
          92.84752923,
          22.05056353
        ]
      },
      "properties": {
        "event_id": "11957",
        "event_date": "1970/01/01 00:00:00+00",
        "country_name": "India",
        "state_name": "NER",
        "landslide_category": "Landslide / Debris flow",
        "trigger": "Rainfall / Monsoon",
        "fatalities": 0
      }
    },
    {
      "type": "Feature",
      "geometry": {
        "type": "Point",
        "coordinates": [
          93.6037532,
          22.5039198
        ]
      },
      "properties": {
        "event_id": "11970",
        "event_date": "1970/01/01 00:00:00+00",
        "country_name": "India",
        "state_name": "NER",
        "landslide_category": "Landslide / Debris flow",
        "trigger": "Rainfall / Monsoon",
        "fatalities": 0
      }
    },
    {
      "type": "Feature",
      "geometry": {
        "type": "Point",
        "coordinates": [
          93.60210428,
          22.51090654
        ]
      },
      "properties": {
        "event_id": "11972",
        "event_date": "1970/01/01 00:00:00+00",
        "country_name": "India",
        "state_name": "NER",
        "landslide_category": "Landslide / Debris flow",
        "trigger": "Rainfall / Monsoon",
        "fatalities": 0
      }
    },
    {
      "type": "Feature",
      "geometry": {
        "type": "Point",
        "coordinates": [
          97.44673648,
          25.68961402
        ]
      },
      "properties": {
        "event_id": "12089",
        "event_date": "1970/01/01 00:00:00+00",
        "country_name": "India",
        "state_name": "NER",
        "landslide_category": "Landslide / Debris flow",
        "trigger": "Rainfall / Monsoon",
        "fatalities": 0
      }
    },
    {
      "type": "Feature",
      "geometry": {
        "type": "Point",
        "coordinates": [
          97.44367544,
          25.67956384
        ]
      },
      "properties": {
        "event_id": "12116",
        "event_date": "1970/01/01 00:00:00+00",
        "country_name": "India",
        "state_name": "NER",
        "landslide_category": "Landslide / Debris flow",
        "trigger": "Rainfall / Monsoon",
        "fatalities": 0
      }
    },
    {
      "type": "Feature",
      "geometry": {
        "type": "Point",
        "coordinates": [
          94.00255353,
          21.21053255
        ]
      },
      "properties": {
        "event_id": "12134",
        "event_date": "1970/01/01 00:00:00+00",
        "country_name": "India",
        "state_name": "NER",
        "landslide_category": "Landslide / Debris flow",
        "trigger": "Rainfall / Monsoon",
        "fatalities": 0
      }
    },
    {
      "type": "Feature",
      "geometry": {
        "type": "Point",
        "coordinates": [
          94.02823851,
          21.42202701
        ]
      },
      "properties": {
        "event_id": "12146",
        "event_date": "1970/01/01 00:00:00+00",
        "country_name": "India",
        "state_name": "NER",
        "landslide_category": "Landslide / Debris flow",
        "trigger": "Rainfall / Monsoon",
        "fatalities": 0
      }
    },
    {
      "type": "Feature",
      "geometry": {
        "type": "Point",
        "coordinates": [
          93.08902087,
          21.38322003
        ]
      },
      "properties": {
        "event_id": "12157",
        "event_date": "1970/01/01 00:00:00+00",
        "country_name": "India",
        "state_name": "NER",
        "landslide_category": "Landslide / Debris flow",
        "trigger": "Rainfall / Monsoon",
        "fatalities": 0
      }
    },
    {
      "type": "Feature",
      "geometry": {
        "type": "Point",
        "coordinates": [
          93.1017833,
          21.38145865
        ]
      },
      "properties": {
        "event_id": "12165",
        "event_date": "1970/01/01 00:00:00+00",
        "country_name": "India",
        "state_name": "NER",
        "landslide_category": "Landslide / Debris flow",
        "trigger": "Rainfall / Monsoon",
        "fatalities": 0
      }
    },
    {
      "type": "Feature",
      "geometry": {
        "type": "Point",
        "coordinates": [
          93.10135871,
          21.3817662
        ]
      },
      "properties": {
        "event_id": "12166",
        "event_date": "1970/01/01 00:00:00+00",
        "country_name": "India",
        "state_name": "NER",
        "landslide_category": "Landslide / Debris flow",
        "trigger": "Rainfall / Monsoon",
        "fatalities": 0
      }
    },
    {
      "type": "Feature",
      "geometry": {
        "type": "Point",
        "coordinates": [
          93.11729365,
          21.38190559
        ]
      },
      "properties": {
        "event_id": "12169",
        "event_date": "1970/01/01 00:00:00+00",
        "country_name": "India",
        "state_name": "NER",
        "landslide_category": "Landslide / Debris flow",
        "trigger": "Rainfall / Monsoon",
        "fatalities": 0
      }
    },
    {
      "type": "Feature",
      "geometry": {
        "type": "Point",
        "coordinates": [
          97.18806979,
          26.09406448
        ]
      },
      "properties": {
        "event_id": "12298",
        "event_date": "1970/01/01 00:00:00+00",
        "country_name": "India",
        "state_name": "NER",
        "landslide_category": "Landslide / Debris flow",
        "trigger": "Rainfall / Monsoon",
        "fatalities": 0
      }
    },
    {
      "type": "Feature",
      "geometry": {
        "type": "Point",
        "coordinates": [
          91.92597729,
          21.61900923
        ]
      },
      "properties": {
        "event_id": "9946",
        "event_date": "2017/07/04 00:00:00+00",
        "country_name": "India",
        "state_name": "NER",
        "landslide_category": "Landslide / Debris flow",
        "trigger": "Rainfall / Monsoon",
        "fatalities": 0
      }
    },
    {
      "type": "Feature",
      "geometry": {
        "type": "Point",
        "coordinates": [
          94.514651,
          26.324724
        ]
      },
      "properties": {
        "event_id": "9965",
        "event_date": "2016/09/05 00:00:00+00",
        "country_name": "India",
        "state_name": "NER",
        "landslide_category": "Landslide / Debris flow",
        "trigger": "Rainfall / Monsoon",
        "fatalities": 0
      }
    },
    {
      "type": "Feature",
      "geometry": {
        "type": "Point",
        "coordinates": [
          91.83258101,
          22.35037081
        ]
      },
      "properties": {
        "event_id": "9943",
        "event_date": "2017/06/13 00:00:00+00",
        "country_name": "India",
        "state_name": "NER",
        "landslide_category": "Landslide / Debris flow",
        "trigger": "Rainfall / Monsoon",
        "fatalities": 0
      }
    },
    {
      "type": "Feature",
      "geometry": {
        "type": "Point",
        "coordinates": [
          92.21525816,
          21.04270451
        ]
      },
      "properties": {
        "event_id": "9700",
        "event_date": "2017/06/14 00:00:00+00",
        "country_name": "India",
        "state_name": "NER",
        "landslide_category": "Landslide / Debris flow",
        "trigger": "Rainfall / Monsoon",
        "fatalities": 0
      }
    },
    {
      "type": "Feature",
      "geometry": {
        "type": "Point",
        "coordinates": [
          92.19314477,
          21.23967983
        ]
      },
      "properties": {
        "event_id": "1977",
        "event_date": "2010/06/15 00:00:00+00",
        "country_name": "India",
        "state_name": "NER",
        "landslide_category": "Landslide / Debris flow",
        "trigger": "Rainfall / Monsoon",
        "fatalities": 0
      }
    },
    {
      "type": "Feature",
      "geometry": {
        "type": "Point",
        "coordinates": [
          89.4497,
          26.8928
        ]
      },
      "properties": {
        "event_id": "1100",
        "event_date": "2009/08/18 00:00:00+00",
        "country_name": "India",
        "state_name": "NER",
        "landslide_category": "Landslide / Debris flow",
        "trigger": "Rainfall / Monsoon",
        "fatalities": 0
      }
    },
    {
      "type": "Feature",
      "geometry": {
        "type": "Point",
        "coordinates": [
          88.28,
          26.89
        ]
      },
      "properties": {
        "event_id": "614",
        "event_date": "2008/06/29 00:00:00+00",
        "country_name": "India",
        "state_name": "NER",
        "landslide_category": "Landslide / Debris flow",
        "trigger": "Rainfall / Monsoon",
        "fatalities": 0
      }
    },
    {
      "type": "Feature",
      "geometry": {
        "type": "Point",
        "coordinates": [
          88.22551799,
          27.13862165
        ]
      },
      "properties": {
        "event_id": "3943",
        "event_date": "2011/08/23 00:00:00+00",
        "country_name": "India",
        "state_name": "NER",
        "landslide_category": "Landslide / Debris flow",
        "trigger": "Rainfall / Monsoon",
        "fatalities": 0
      }
    },
    {
      "type": "Feature",
      "geometry": {
        "type": "Point",
        "coordinates": [
          92.012806,
          25.178619
        ]
      },
      "properties": {
        "event_id": "10983",
        "event_date": "2017/03/16 00:00:00+00",
        "country_name": "India",
        "state_name": "NER",
        "landslide_category": "Landslide / Debris flow",
        "trigger": "Rainfall / Monsoon",
        "fatalities": 0
      }
    },
    {
      "type": "Feature",
      "geometry": {
        "type": "Point",
        "coordinates": [
          91.80439129,
          22.97758595
        ]
      },
      "properties": {
        "event_id": "10955",
        "event_date": "2017/06/18 00:00:00+00",
        "country_name": "India",
        "state_name": "NER",
        "landslide_category": "Landslide / Debris flow",
        "trigger": "Rainfall / Monsoon",
        "fatalities": 0
      }
    },
    {
      "type": "Feature",
      "geometry": {
        "type": "Point",
        "coordinates": [
          88.6083,
          27.3341
        ]
      },
      "properties": {
        "event_id": "1755",
        "event_date": "2010/04/17 00:00:00+00",
        "country_name": "India",
        "state_name": "NER",
        "landslide_category": "Landslide / Debris flow",
        "trigger": "Rainfall / Monsoon",
        "fatalities": 0
      }
    },
    {
      "type": "Feature",
      "geometry": {
        "type": "Point",
        "coordinates": [
          94.1016,
          24.1988
        ]
      },
      "properties": {
        "event_id": "7369",
        "event_date": "2015/08/01 00:00:00+00",
        "country_name": "India",
        "state_name": "NER",
        "landslide_category": "Landslide / Debris flow",
        "trigger": "Rainfall / Monsoon",
        "fatalities": 0
      }
    },
    {
      "type": "Feature",
      "geometry": {
        "type": "Point",
        "coordinates": [
          91.8644,
          27.5748
        ]
      },
      "properties": {
        "event_id": "9252",
        "event_date": "2016/07/28 00:00:00+00",
        "country_name": "India",
        "state_name": "NER",
        "landslide_category": "Landslide / Debris flow",
        "trigger": "Rainfall / Monsoon",
        "fatalities": 0
      }
    },
    {
      "type": "Feature",
      "geometry": {
        "type": "Point",
        "coordinates": [
          90.4032,
          27.0971
        ]
      },
      "properties": {
        "event_id": "254",
        "event_date": "2007/09/10 00:00:00+00",
        "country_name": "India",
        "state_name": "NER",
        "landslide_category": "Landslide / Debris flow",
        "trigger": "Rainfall / Monsoon",
        "fatalities": 0
      }
    },
    {
      "type": "Feature",
      "geometry": {
        "type": "Point",
        "coordinates": [
          91.8806,
          26.1028
        ]
      },
      "properties": {
        "event_id": "7728",
        "event_date": "2015/08/22 00:00:00+00",
        "country_name": "India",
        "state_name": "NER",
        "landslide_category": "Landslide / Debris flow",
        "trigger": "Rainfall / Monsoon",
        "fatalities": 0
      }
    },
    {
      "type": "Feature",
      "geometry": {
        "type": "Point",
        "coordinates": [
          94.564,
          26.0838
        ]
      },
      "properties": {
        "event_id": "5274",
        "event_date": "2013/08/04 00:00:00+00",
        "country_name": "India",
        "state_name": "NER",
        "landslide_category": "Landslide / Debris flow",
        "trigger": "Rainfall / Monsoon",
        "fatalities": 0
      }
    },
    {
      "type": "Feature",
      "geometry": {
        "type": "Point",
        "coordinates": [
          96.3086022,
          25.61953667
        ]
      },
      "properties": {
        "event_id": "10970",
        "event_date": "2017/02/09 00:00:00+00",
        "country_name": "India",
        "state_name": "NER",
        "landslide_category": "Landslide / Debris flow",
        "trigger": "Rainfall / Monsoon",
        "fatalities": 0
      }
    },
    {
      "type": "Feature",
      "geometry": {
        "type": "Point",
        "coordinates": [
          93.62407259,
          27.82743132
        ]
      },
      "properties": {
        "event_id": "11175",
        "event_date": "2017/05/03 00:00:00+00",
        "country_name": "India",
        "state_name": "NER",
        "landslide_category": "Landslide / Debris flow",
        "trigger": "Rainfall / Monsoon",
        "fatalities": 0
      }
    },
    {
      "type": "Feature",
      "geometry": {
        "type": "Point",
        "coordinates": [
          94.09483333,
          25.69111465
        ]
      },
      "properties": {
        "event_id": "11158",
        "event_date": "2017/07/12 00:00:00+00",
        "country_name": "India",
        "state_name": "NER",
        "landslide_category": "Landslide / Debris flow",
        "trigger": "Rainfall / Monsoon",
        "fatalities": 0
      }
    },
    {
      "type": "Feature",
      "geometry": {
        "type": "Point",
        "coordinates": [
          91.95656252,
          22.84756674
        ]
      },
      "properties": {
        "event_id": "10956",
        "event_date": "2017/06/18 00:00:00+00",
        "country_name": "India",
        "state_name": "NER",
        "landslide_category": "Landslide / Debris flow",
        "trigger": "Rainfall / Monsoon",
        "fatalities": 0
      }
    },
    {
      "type": "Feature",
      "geometry": {
        "type": "Point",
        "coordinates": [
          93.51746761,
          22.88500759
        ]
      },
      "properties": {
        "event_id": "11584",
        "event_date": "1970/01/01 00:00:00+00",
        "country_name": "India",
        "state_name": "NER",
        "landslide_category": "Landslide / Debris flow",
        "trigger": "Rainfall / Monsoon",
        "fatalities": 0
      }
    },
    {
      "type": "Feature",
      "geometry": {
        "type": "Point",
        "coordinates": [
          93.55180676,
          22.83040458
        ]
      },
      "properties": {
        "event_id": "11597",
        "event_date": "1970/01/01 00:00:00+00",
        "country_name": "India",
        "state_name": "NER",
        "landslide_category": "Landslide / Debris flow",
        "trigger": "Rainfall / Monsoon",
        "fatalities": 0
      }
    },
    {
      "type": "Feature",
      "geometry": {
        "type": "Point",
        "coordinates": [
          93.36421745,
          23.40991836
        ]
      },
      "properties": {
        "event_id": "11604",
        "event_date": "1970/01/01 00:00:00+00",
        "country_name": "India",
        "state_name": "NER",
        "landslide_category": "Landslide / Debris flow",
        "trigger": "Rainfall / Monsoon",
        "fatalities": 0
      }
    },
    {
      "type": "Feature",
      "geometry": {
        "type": "Point",
        "coordinates": [
          93.66982358,
          23.89531682
        ]
      },
      "properties": {
        "event_id": "11940",
        "event_date": "1970/01/01 00:00:00+00",
        "country_name": "India",
        "state_name": "NER",
        "landslide_category": "Landslide / Debris flow",
        "trigger": "Rainfall / Monsoon",
        "fatalities": 0
      }
    },
    {
      "type": "Feature",
      "geometry": {
        "type": "Point",
        "coordinates": [
          92.82140558,
          22.03953783
        ]
      },
      "properties": {
        "event_id": "11953",
        "event_date": "1970/01/01 00:00:00+00",
        "country_name": "India",
        "state_name": "NER",
        "landslide_category": "Landslide / Debris flow",
        "trigger": "Rainfall / Monsoon",
        "fatalities": 0
      }
    },
    {
      "type": "Feature",
      "geometry": {
        "type": "Point",
        "coordinates": [
          93.30424324,
          21.97148157
        ]
      },
      "properties": {
        "event_id": "11958",
        "event_date": "1970/01/01 00:00:00+00",
        "country_name": "India",
        "state_name": "NER",
        "landslide_category": "Landslide / Debris flow",
        "trigger": "Rainfall / Monsoon",
        "fatalities": 0
      }
    },
    {
      "type": "Feature",
      "geometry": {
        "type": "Point",
        "coordinates": [
          93.574335,
          22.49038864
        ]
      },
      "properties": {
        "event_id": "11965",
        "event_date": "1970/01/01 00:00:00+00",
        "country_name": "India",
        "state_name": "NER",
        "landslide_category": "Landslide / Debris flow",
        "trigger": "Rainfall / Monsoon",
        "fatalities": 0
      }
    },
    {
      "type": "Feature",
      "geometry": {
        "type": "Point",
        "coordinates": [
          93.55958033,
          22.46217609
        ]
      },
      "properties": {
        "event_id": "11967",
        "event_date": "1970/01/01 00:00:00+00",
        "country_name": "India",
        "state_name": "NER",
        "landslide_category": "Landslide / Debris flow",
        "trigger": "Rainfall / Monsoon",
        "fatalities": 0
      }
    },
    {
      "type": "Feature",
      "geometry": {
        "type": "Point",
        "coordinates": [
          93.60175579,
          22.50745502
        ]
      },
      "properties": {
        "event_id": "11968",
        "event_date": "1970/01/01 00:00:00+00",
        "country_name": "India",
        "state_name": "NER",
        "landslide_category": "Landslide / Debris flow",
        "trigger": "Rainfall / Monsoon",
        "fatalities": 0
      }
    },
    {
      "type": "Feature",
      "geometry": {
        "type": "Point",
        "coordinates": [
          93.60319038,
          22.52320013
        ]
      },
      "properties": {
        "event_id": "11976",
        "event_date": "1970/01/01 00:00:00+00",
        "country_name": "India",
        "state_name": "NER",
        "landslide_category": "Landslide / Debris flow",
        "trigger": "Rainfall / Monsoon",
        "fatalities": 0
      }
    },
    {
      "type": "Feature",
      "geometry": {
        "type": "Point",
        "coordinates": [
          97.29779091,
          22.55536535
        ]
      },
      "properties": {
        "event_id": "11983",
        "event_date": "1970/01/01 00:00:00+00",
        "country_name": "India",
        "state_name": "NER",
        "landslide_category": "Landslide / Debris flow",
        "trigger": "Rainfall / Monsoon",
        "fatalities": 0
      }
    },
    {
      "type": "Feature",
      "geometry": {
        "type": "Point",
        "coordinates": [
          97.53869933,
          22.00178535
        ]
      },
      "properties": {
        "event_id": "11984",
        "event_date": "1970/01/01 00:00:00+00",
        "country_name": "India",
        "state_name": "NER",
        "landslide_category": "Landslide / Debris flow",
        "trigger": "Rainfall / Monsoon",
        "fatalities": 0
      }
    },
    {
      "type": "Feature",
      "geometry": {
        "type": "Point",
        "coordinates": [
          97.64936275,
          22.0918039
        ]
      },
      "properties": {
        "event_id": "11985",
        "event_date": "1970/01/01 00:00:00+00",
        "country_name": "India",
        "state_name": "NER",
        "landslide_category": "Landslide / Debris flow",
        "trigger": "Rainfall / Monsoon",
        "fatalities": 0
      }
    },
    {
      "type": "Feature",
      "geometry": {
        "type": "Point",
        "coordinates": [
          97.46194307,
          25.68469081
        ]
      },
      "properties": {
        "event_id": "12081",
        "event_date": "1970/01/01 00:00:00+00",
        "country_name": "India",
        "state_name": "NER",
        "landslide_category": "Landslide / Debris flow",
        "trigger": "Rainfall / Monsoon",
        "fatalities": 0
      }
    },
    {
      "type": "Feature",
      "geometry": {
        "type": "Point",
        "coordinates": [
          97.46310338,
          25.68777452
        ]
      },
      "properties": {
        "event_id": "12085",
        "event_date": "1970/01/01 00:00:00+00",
        "country_name": "India",
        "state_name": "NER",
        "landslide_category": "Landslide / Debris flow",
        "trigger": "Rainfall / Monsoon",
        "fatalities": 0
      }
    },
    {
      "type": "Feature",
      "geometry": {
        "type": "Point",
        "coordinates": [
          97.45378243,
          25.68936308
        ]
      },
      "properties": {
        "event_id": "12086",
        "event_date": "1970/01/01 00:00:00+00",
        "country_name": "India",
        "state_name": "NER",
        "landslide_category": "Landslide / Debris flow",
        "trigger": "Rainfall / Monsoon",
        "fatalities": 0
      }
    },
    {
      "type": "Feature",
      "geometry": {
        "type": "Point",
        "coordinates": [
          92.19905362,
          21.23291114
        ]
      },
      "properties": {
        "event_id": "1976",
        "event_date": "2010/06/15 00:00:00+00",
        "country_name": "India",
        "state_name": "NER",
        "landslide_category": "Landslide / Debris flow",
        "trigger": "Rainfall / Monsoon",
        "fatalities": 0
      }
    },
    {
      "type": "Feature",
      "geometry": {
        "type": "Point",
        "coordinates": [
          97.22464626,
          26.09494322
        ]
      },
      "properties": {
        "event_id": "12295",
        "event_date": "1970/01/01 00:00:00+00",
        "country_name": "India",
        "state_name": "NER",
        "landslide_category": "Landslide / Debris flow",
        "trigger": "Rainfall / Monsoon",
        "fatalities": 0
      }
    },
    {
      "type": "Feature",
      "geometry": {
        "type": "Point",
        "coordinates": [
          95.90098704,
          26.93079979
        ]
      },
      "properties": {
        "event_id": "12307",
        "event_date": "1970/01/01 00:00:00+00",
        "country_name": "India",
        "state_name": "NER",
        "landslide_category": "Landslide / Debris flow",
        "trigger": "Rainfall / Monsoon",
        "fatalities": 0
      }
    },
    {
      "type": "Feature",
      "geometry": {
        "type": "Point",
        "coordinates": [
          92.7178,
          23.725943
        ]
      },
      "properties": {
        "event_id": "10960",
        "event_date": "2016/09/17 00:00:00+00",
        "country_name": "India",
        "state_name": "NER",
        "landslide_category": "Landslide / Debris flow",
        "trigger": "Rainfall / Monsoon",
        "fatalities": 0
      }
    },
    {
      "type": "Feature",
      "geometry": {
        "type": "Point",
        "coordinates": [
          93.98827528,
          25.73111942
        ]
      },
      "properties": {
        "event_id": "11157",
        "event_date": "2017/07/09 00:00:00+00",
        "country_name": "India",
        "state_name": "NER",
        "landslide_category": "Landslide / Debris flow",
        "trigger": "Rainfall / Monsoon",
        "fatalities": 0
      }
    },
    {
      "type": "Feature",
      "geometry": {
        "type": "Point",
        "coordinates": [
          91.8188,
          22.344
        ]
      },
      "properties": {
        "event_id": "741",
        "event_date": "2008/08/23 00:00:00+00",
        "country_name": "India",
        "state_name": "NER",
        "landslide_category": "Landslide / Debris flow",
        "trigger": "Rainfall / Monsoon",
        "fatalities": 0
      }
    },
    {
      "type": "Feature",
      "geometry": {
        "type": "Point",
        "coordinates": [
          88.1069,
          27.1176
        ]
      },
      "properties": {
        "event_id": "9074",
        "event_date": "2016/07/20 00:00:00+00",
        "country_name": "India",
        "state_name": "NER",
        "landslide_category": "Landslide / Debris flow",
        "trigger": "Rainfall / Monsoon",
        "fatalities": 0
      }
    },
    {
      "type": "Feature",
      "geometry": {
        "type": "Point",
        "coordinates": [
          93.7145,
          27.125
        ]
      },
      "properties": {
        "event_id": "3776",
        "event_date": "2011/07/15 00:00:00+00",
        "country_name": "India",
        "state_name": "NER",
        "landslide_category": "Landslide / Debris flow",
        "trigger": "Rainfall / Monsoon",
        "fatalities": 0
      }
    },
    {
      "type": "Feature",
      "geometry": {
        "type": "Point",
        "coordinates": [
          96.1517,
          28.8254
        ]
      },
      "properties": {
        "event_id": "4378",
        "event_date": "2012/06/02 00:00:00+00",
        "country_name": "India",
        "state_name": "NER",
        "landslide_category": "Landslide / Debris flow",
        "trigger": "Rainfall / Monsoon",
        "fatalities": 0
      }
    },
    {
      "type": "Feature",
      "geometry": {
        "type": "Point",
        "coordinates": [
          91.6849,
          26.1001
        ]
      },
      "properties": {
        "event_id": "6289",
        "event_date": "2014/09/22 00:00:00+00",
        "country_name": "India",
        "state_name": "NER",
        "landslide_category": "Landslide / Debris flow",
        "trigger": "Rainfall / Monsoon",
        "fatalities": 0
      }
    },
    {
      "type": "Feature",
      "geometry": {
        "type": "Point",
        "coordinates": [
          91.876945,
          27.583849
        ]
      },
      "properties": {
        "event_id": "11177",
        "event_date": "2017/07/11 00:00:00+00",
        "country_name": "India",
        "state_name": "NER",
        "landslide_category": "Landslide / Debris flow",
        "trigger": "Rainfall / Monsoon",
        "fatalities": 0
      }
    },
    {
      "type": "Feature",
      "geometry": {
        "type": "Point",
        "coordinates": [
          93.04681,
          25.132228
        ]
      },
      "properties": {
        "event_id": "10978",
        "event_date": "2017/04/04 00:00:00+00",
        "country_name": "India",
        "state_name": "NER",
        "landslide_category": "Landslide / Debris flow",
        "trigger": "Rainfall / Monsoon",
        "fatalities": 0
      }
    },
    {
      "type": "Feature",
      "geometry": {
        "type": "Point",
        "coordinates": [
          92.67420963,
          24.0135808
        ]
      },
      "properties": {
        "event_id": "10961",
        "event_date": "2017/04/25 00:00:00+00",
        "country_name": "India",
        "state_name": "NER",
        "landslide_category": "Landslide / Debris flow",
        "trigger": "Rainfall / Monsoon",
        "fatalities": 0
      }
    },
    {
      "type": "Feature",
      "geometry": {
        "type": "Point",
        "coordinates": [
          93.99655231,
          25.73318099
        ]
      },
      "properties": {
        "event_id": "11156",
        "event_date": "2017/05/16 00:00:00+00",
        "country_name": "India",
        "state_name": "NER",
        "landslide_category": "Landslide / Debris flow",
        "trigger": "Rainfall / Monsoon",
        "fatalities": 0
      }
    },
    {
      "type": "Feature",
      "geometry": {
        "type": "Point",
        "coordinates": [
          94.62220277,
          26.66354481
        ]
      },
      "properties": {
        "event_id": "11161",
        "event_date": "2017/06/24 00:00:00+00",
        "country_name": "India",
        "state_name": "NER",
        "landslide_category": "Landslide / Debris flow",
        "trigger": "Rainfall / Monsoon",
        "fatalities": 0
      }
    },
    {
      "type": "Feature",
      "geometry": {
        "type": "Point",
        "coordinates": [
          94.25,
          26.138
        ]
      },
      "properties": {
        "event_id": "731",
        "event_date": "2008/08/19 00:00:00+00",
        "country_name": "India",
        "state_name": "NER",
        "landslide_category": "Landslide / Debris flow",
        "trigger": "Rainfall / Monsoon",
        "fatalities": 0
      }
    },
    {
      "type": "Feature",
      "geometry": {
        "type": "Point",
        "coordinates": [
          88.3403,
          22.6461
        ]
      },
      "properties": {
        "event_id": "221",
        "event_date": "2007/08/31 00:00:00+00",
        "country_name": "India",
        "state_name": "NER",
        "landslide_category": "Landslide / Debris flow",
        "trigger": "Rainfall / Monsoon",
        "fatalities": 0
      }
    },
    {
      "type": "Feature",
      "geometry": {
        "type": "Point",
        "coordinates": [
          92.3807,
          25.1416
        ]
      },
      "properties": {
        "event_id": "7590",
        "event_date": "2015/08/19 00:00:00+00",
        "country_name": "India",
        "state_name": "NER",
        "landslide_category": "Landslide / Debris flow",
        "trigger": "Rainfall / Monsoon",
        "fatalities": 0
      }
    },
    {
      "type": "Feature",
      "geometry": {
        "type": "Point",
        "coordinates": [
          92.6351,
          27.0136
        ]
      },
      "properties": {
        "event_id": "8237",
        "event_date": "2016/07/01 00:00:00+00",
        "country_name": "India",
        "state_name": "NER",
        "landslide_category": "Landslide / Debris flow",
        "trigger": "Rainfall / Monsoon",
        "fatalities": 0
      }
    },
    {
      "type": "Feature",
      "geometry": {
        "type": "Point",
        "coordinates": [
          91.7082,
          26.1044
        ]
      },
      "properties": {
        "event_id": "6286",
        "event_date": "2014/09/22 00:00:00+00",
        "country_name": "India",
        "state_name": "NER",
        "landslide_category": "Landslide / Debris flow",
        "trigger": "Rainfall / Monsoon",
        "fatalities": 0
      }
    },
    {
      "type": "Feature",
      "geometry": {
        "type": "Point",
        "coordinates": [
          93.8794,
          25.5098
        ]
      },
      "properties": {
        "event_id": "7266",
        "event_date": "2015/07/22 00:00:00+00",
        "country_name": "India",
        "state_name": "NER",
        "landslide_category": "Landslide / Debris flow",
        "trigger": "Rainfall / Monsoon",
        "fatalities": 0
      }
    },
    {
      "type": "Feature",
      "geometry": {
        "type": "Point",
        "coordinates": [
          97.3715,
          26.026
        ]
      },
      "properties": {
        "event_id": "1051",
        "event_date": "2009/07/04 00:00:00+00",
        "country_name": "India",
        "state_name": "NER",
        "landslide_category": "Landslide / Debris flow",
        "trigger": "Rainfall / Monsoon",
        "fatalities": 0
      }
    },
    {
      "type": "Feature",
      "geometry": {
        "type": "Point",
        "coordinates": [
          93.9784,
          24.6596
        ]
      },
      "properties": {
        "event_id": "580",
        "event_date": "2008/06/09 00:00:00+00",
        "country_name": "India",
        "state_name": "NER",
        "landslide_category": "Landslide / Debris flow",
        "trigger": "Rainfall / Monsoon",
        "fatalities": 0
      }
    },
    {
      "type": "Feature",
      "geometry": {
        "type": "Point",
        "coordinates": [
          92.7264,
          24.5204
        ]
      },
      "properties": {
        "event_id": "9334",
        "event_date": "2016/05/18 00:00:00+00",
        "country_name": "India",
        "state_name": "NER",
        "landslide_category": "Landslide / Debris flow",
        "trigger": "Rainfall / Monsoon",
        "fatalities": 0
      }
    },
    {
      "type": "Feature",
      "geometry": {
        "type": "Point",
        "coordinates": [
          93.6287,
          27.0998
        ]
      },
      "properties": {
        "event_id": "585",
        "event_date": "2008/06/14 00:00:00+00",
        "country_name": "India",
        "state_name": "NER",
        "landslide_category": "Landslide / Debris flow",
        "trigger": "Rainfall / Monsoon",
        "fatalities": 0
      }
    },
    {
      "type": "Feature",
      "geometry": {
        "type": "Point",
        "coordinates": [
          91.8569,
          27.5799
        ]
      },
      "properties": {
        "event_id": "7655",
        "event_date": "2016/04/22 00:00:00+00",
        "country_name": "India",
        "state_name": "NER",
        "landslide_category": "Landslide / Debris flow",
        "trigger": "Rainfall / Monsoon",
        "fatalities": 0
      }
    },
    {
      "type": "Feature",
      "geometry": {
        "type": "Point",
        "coordinates": [
          91.9754,
          27.5754
        ]
      },
      "properties": {
        "event_id": "9464",
        "event_date": "2016/08/05 00:00:00+00",
        "country_name": "India",
        "state_name": "NER",
        "landslide_category": "Landslide / Debris flow",
        "trigger": "Rainfall / Monsoon",
        "fatalities": 0
      }
    },
    {
      "type": "Feature",
      "geometry": {
        "type": "Point",
        "coordinates": [
          93.3497,
          27.8997
        ]
      },
      "properties": {
        "event_id": "1613",
        "event_date": "2010/04/02 00:00:00+00",
        "country_name": "India",
        "state_name": "NER",
        "landslide_category": "Landslide / Debris flow",
        "trigger": "Rainfall / Monsoon",
        "fatalities": 0
      }
    },
    {
      "type": "Feature",
      "geometry": {
        "type": "Point",
        "coordinates": [
          88.28044714,
          26.8867642
        ]
      },
      "properties": {
        "event_id": "1088",
        "event_date": "2009/08/16 00:00:00+00",
        "country_name": "India",
        "state_name": "NER",
        "landslide_category": "Landslide / Debris flow",
        "trigger": "Rainfall / Monsoon",
        "fatalities": 0
      }
    },
    {
      "type": "Feature",
      "geometry": {
        "type": "Point",
        "coordinates": [
          94.48265093,
          25.31006064
        ]
      },
      "properties": {
        "event_id": "2253",
        "event_date": "2010/08/15 00:00:00+00",
        "country_name": "India",
        "state_name": "NER",
        "landslide_category": "Landslide / Debris flow",
        "trigger": "Rainfall / Monsoon",
        "fatalities": 0
      }
    },
    {
      "type": "Feature",
      "geometry": {
        "type": "Point",
        "coordinates": [
          97.44605657,
          25.69269987
        ]
      },
      "properties": {
        "event_id": "12091",
        "event_date": "1970/01/01 00:00:00+00",
        "country_name": "India",
        "state_name": "NER",
        "landslide_category": "Landslide / Debris flow",
        "trigger": "Rainfall / Monsoon",
        "fatalities": 0
      }
    },
    {
      "type": "Feature",
      "geometry": {
        "type": "Point",
        "coordinates": [
          93.98553222,
          21.1856749
        ]
      },
      "properties": {
        "event_id": "12137",
        "event_date": "1970/01/01 00:00:00+00",
        "country_name": "India",
        "state_name": "NER",
        "landslide_category": "Landslide / Debris flow",
        "trigger": "Rainfall / Monsoon",
        "fatalities": 0
      }
    },
    {
      "type": "Feature",
      "geometry": {
        "type": "Point",
        "coordinates": [
          93.08916468,
          21.37022945
        ]
      },
      "properties": {
        "event_id": "12158",
        "event_date": "1970/01/01 00:00:00+00",
        "country_name": "India",
        "state_name": "NER",
        "landslide_category": "Landslide / Debris flow",
        "trigger": "Rainfall / Monsoon",
        "fatalities": 0
      }
    },
    {
      "type": "Feature",
      "geometry": {
        "type": "Point",
        "coordinates": [
          93.09930596,
          21.37174202
        ]
      },
      "properties": {
        "event_id": "12163",
        "event_date": "1970/01/01 00:00:00+00",
        "country_name": "India",
        "state_name": "NER",
        "landslide_category": "Landslide / Debris flow",
        "trigger": "Rainfall / Monsoon",
        "fatalities": 0
      }
    },
    {
      "type": "Feature",
      "geometry": {
        "type": "Point",
        "coordinates": [
          97.24775303,
          26.87312911
        ]
      },
      "properties": {
        "event_id": "12318",
        "event_date": "1970/01/01 00:00:00+00",
        "country_name": "India",
        "state_name": "NER",
        "landslide_category": "Landslide / Debris flow",
        "trigger": "Rainfall / Monsoon",
        "fatalities": 0
      }
    },
    {
      "type": "Feature",
      "geometry": {
        "type": "Point",
        "coordinates": [
          94.8158,
          26.1984
        ]
      },
      "properties": {
        "event_id": "2282",
        "event_date": "2010/08/19 00:00:00+00",
        "country_name": "India",
        "state_name": "NER",
        "landslide_category": "Landslide / Debris flow",
        "trigger": "Rainfall / Monsoon",
        "fatalities": 0
      }
    },
    {
      "type": "Feature",
      "geometry": {
        "type": "Point",
        "coordinates": [
          93.76130975,
          21.21318862
        ]
      },
      "properties": {
        "event_id": "12541",
        "event_date": "1970/01/01 00:00:00+00",
        "country_name": "India",
        "state_name": "NER",
        "landslide_category": "Landslide / Debris flow",
        "trigger": "Rainfall / Monsoon",
        "fatalities": 0
      }
    },
    {
      "type": "Feature",
      "geometry": {
        "type": "Point",
        "coordinates": [
          93.80883033,
          21.19265211
        ]
      },
      "properties": {
        "event_id": "12561",
        "event_date": "1970/01/01 00:00:00+00",
        "country_name": "India",
        "state_name": "NER",
        "landslide_category": "Landslide / Debris flow",
        "trigger": "Rainfall / Monsoon",
        "fatalities": 0
      }
    },
    {
      "type": "Feature",
      "geometry": {
        "type": "Point",
        "coordinates": [
          94.940362,
          24.912092
        ]
      },
      "properties": {
        "event_id": "12717",
        "event_date": "2017/09/22 00:00:00+00",
        "country_name": "India",
        "state_name": "NER",
        "landslide_category": "Landslide / Debris flow",
        "trigger": "Rainfall / Monsoon",
        "fatalities": 0
      }
    },
    {
      "type": "Feature",
      "geometry": {
        "type": "Point",
        "coordinates": [
          94.4703,
          25.6633
        ]
      },
      "properties": {
        "event_id": "2567",
        "event_date": "2010/10/08 00:00:00+00",
        "country_name": "India",
        "state_name": "NER",
        "landslide_category": "Landslide / Debris flow",
        "trigger": "Rainfall / Monsoon",
        "fatalities": 0
      }
    },
    {
      "type": "Feature",
      "geometry": {
        "type": "Point",
        "coordinates": [
          91.8178,
          26.159
        ]
      },
      "properties": {
        "event_id": "6285",
        "event_date": "2014/09/22 00:00:00+00",
        "country_name": "India",
        "state_name": "NER",
        "landslide_category": "Landslide / Debris flow",
        "trigger": "Rainfall / Monsoon",
        "fatalities": 0
      }
    },
    {
      "type": "Feature",
      "geometry": {
        "type": "Point",
        "coordinates": [
          95.029,
          26.72
        ]
      },
      "properties": {
        "event_id": "5005",
        "event_date": "2013/07/01 00:00:00+00",
        "country_name": "India",
        "state_name": "NER",
        "landslide_category": "Landslide / Debris flow",
        "trigger": "Rainfall / Monsoon",
        "fatalities": 0
      }
    },
    {
      "type": "Feature",
      "geometry": {
        "type": "Point",
        "coordinates": [
          91.80317334,
          26.10973183
        ]
      },
      "properties": {
        "event_id": "10005",
        "event_date": "2017/07/06 00:00:00+00",
        "country_name": "India",
        "state_name": "NER",
        "landslide_category": "Landslide / Debris flow",
        "trigger": "Rainfall / Monsoon",
        "fatalities": 0
      }
    },
    {
      "type": "Feature",
      "geometry": {
        "type": "Point",
        "coordinates": [
          88.5292,
          27.172
        ]
      },
      "properties": {
        "event_id": "9620",
        "event_date": "2016/10/15 00:00:00+00",
        "country_name": "India",
        "state_name": "NER",
        "landslide_category": "Landslide / Debris flow",
        "trigger": "Rainfall / Monsoon",
        "fatalities": 0
      }
    },
    {
      "type": "Feature",
      "geometry": {
        "type": "Point",
        "coordinates": [
          88.6087,
          27.322
        ]
      },
      "properties": {
        "event_id": "1756",
        "event_date": "2010/04/17 00:00:00+00",
        "country_name": "India",
        "state_name": "NER",
        "landslide_category": "Landslide / Debris flow",
        "trigger": "Rainfall / Monsoon",
        "fatalities": 0
      }
    },
    {
      "type": "Feature",
      "geometry": {
        "type": "Point",
        "coordinates": [
          95.4993,
          26.9986
        ]
      },
      "properties": {
        "event_id": "4436",
        "event_date": "2012/06/25 00:00:00+00",
        "country_name": "India",
        "state_name": "NER",
        "landslide_category": "Landslide / Debris flow",
        "trigger": "Rainfall / Monsoon",
        "fatalities": 0
      }
    },
    {
      "type": "Feature",
      "geometry": {
        "type": "Point",
        "coordinates": [
          88.42572376,
          27.05374234
        ]
      },
      "properties": {
        "event_id": "3805",
        "event_date": "2011/07/19 00:00:00+00",
        "country_name": "India",
        "state_name": "NER",
        "landslide_category": "Landslide / Debris flow",
        "trigger": "Rainfall / Monsoon",
        "fatalities": 0
      }
    },
    {
      "type": "Feature",
      "geometry": {
        "type": "Point",
        "coordinates": [
          94.1146,
          24.3481
        ]
      },
      "properties": {
        "event_id": "7910",
        "event_date": "2015/08/01 00:00:00+00",
        "country_name": "India",
        "state_name": "NER",
        "landslide_category": "Landslide / Debris flow",
        "trigger": "Rainfall / Monsoon",
        "fatalities": 0
      }
    },
    {
      "type": "Feature",
      "geometry": {
        "type": "Point",
        "coordinates": [
          92.2845,
          25.3612
        ]
      },
      "properties": {
        "event_id": "1776",
        "event_date": "2010/04/21 00:00:00+00",
        "country_name": "India",
        "state_name": "NER",
        "landslide_category": "Landslide / Debris flow",
        "trigger": "Rainfall / Monsoon",
        "fatalities": 0
      }
    },
    {
      "type": "Feature",
      "geometry": {
        "type": "Point",
        "coordinates": [
          91.588893,
          24.506937
        ]
      },
      "properties": {
        "event_id": "10964",
        "event_date": "2016/11/01 00:00:00+00",
        "country_name": "India",
        "state_name": "NER",
        "landslide_category": "Landslide / Debris flow",
        "trigger": "Rainfall / Monsoon",
        "fatalities": 0
      }
    },
    {
      "type": "Feature",
      "geometry": {
        "type": "Point",
        "coordinates": [
          94.1192,
          25.4993
        ]
      },
      "properties": {
        "event_id": "252",
        "event_date": "2007/09/09 00:00:00+00",
        "country_name": "India",
        "state_name": "NER",
        "landslide_category": "Landslide / Debris flow",
        "trigger": "Rainfall / Monsoon",
        "fatalities": 0
      }
    },
    {
      "type": "Feature",
      "geometry": {
        "type": "Point",
        "coordinates": [
          93.55,
          24.9667
        ]
      },
      "properties": {
        "event_id": "211",
        "event_date": "2007/08/26 00:00:00+00",
        "country_name": "India",
        "state_name": "NER",
        "landslide_category": "Landslide / Debris flow",
        "trigger": "Rainfall / Monsoon",
        "fatalities": 0
      }
    },
    {
      "type": "Feature",
      "geometry": {
        "type": "Point",
        "coordinates": [
          94.4481,
          25.1941
        ]
      },
      "properties": {
        "event_id": "7375",
        "event_date": "2015/08/01 00:00:00+00",
        "country_name": "India",
        "state_name": "NER",
        "landslide_category": "Landslide / Debris flow",
        "trigger": "Rainfall / Monsoon",
        "fatalities": 0
      }
    },
    {
      "type": "Feature",
      "geometry": {
        "type": "Point",
        "coordinates": [
          94.13,
          25.83
        ]
      },
      "properties": {
        "event_id": "3932",
        "event_date": "2011/08/18 00:00:00+00",
        "country_name": "India",
        "state_name": "NER",
        "landslide_category": "Landslide / Debris flow",
        "trigger": "Rainfall / Monsoon",
        "fatalities": 0
      }
    },
    {
      "type": "Feature",
      "geometry": {
        "type": "Point",
        "coordinates": [
          93.948,
          24.7992
        ]
      },
      "properties": {
        "event_id": "3831",
        "event_date": "2011/07/22 00:00:00+00",
        "country_name": "India",
        "state_name": "NER",
        "landslide_category": "Landslide / Debris flow",
        "trigger": "Rainfall / Monsoon",
        "fatalities": 0
      }
    },
    {
      "type": "Feature",
      "geometry": {
        "type": "Point",
        "coordinates": [
          92.235,
          22.2144
        ]
      },
      "properties": {
        "event_id": "7002",
        "event_date": "2015/06/26 00:00:00+00",
        "country_name": "India",
        "state_name": "NER",
        "landslide_category": "Landslide / Debris flow",
        "trigger": "Rainfall / Monsoon",
        "fatalities": 0
      }
    },
    {
      "type": "Feature",
      "geometry": {
        "type": "Point",
        "coordinates": [
          96.2964,
          25.6183
        ]
      },
      "properties": {
        "event_id": "6846",
        "event_date": "2015/03/08 00:00:00+00",
        "country_name": "India",
        "state_name": "NER",
        "landslide_category": "Landslide / Debris flow",
        "trigger": "Rainfall / Monsoon",
        "fatalities": 0
      }
    },
    {
      "type": "Feature",
      "geometry": {
        "type": "Point",
        "coordinates": [
          90.5763,
          25.8143
        ]
      },
      "properties": {
        "event_id": "6213",
        "event_date": "2014/09/24 00:00:00+00",
        "country_name": "India",
        "state_name": "NER",
        "landslide_category": "Landslide / Debris flow",
        "trigger": "Rainfall / Monsoon",
        "fatalities": 0
      }
    },
    {
      "type": "Feature",
      "geometry": {
        "type": "Point",
        "coordinates": [
          94.96,
          29.83
        ]
      },
      "properties": {
        "event_id": "13258",
        "event_date": "2017/11/17 00:00:00+00",
        "country_name": "India",
        "state_name": "NER",
        "landslide_category": "Landslide / Debris flow",
        "trigger": "Rainfall / Monsoon",
        "fatalities": 0
      }
    },
    {
      "type": "Feature",
      "geometry": {
        "type": "Point",
        "coordinates": [
          94.21263589,
          27.98531715
        ]
      },
      "properties": {
        "event_id": "9998",
        "event_date": "2017/07/04 00:00:00+00",
        "country_name": "India",
        "state_name": "NER",
        "landslide_category": "Landslide / Debris flow",
        "trigger": "Rainfall / Monsoon",
        "fatalities": 0
      }
    },
    {
      "type": "Feature",
      "geometry": {
        "type": "Point",
        "coordinates": [
          93.9310888,
          25.06657276
        ]
      },
      "properties": {
        "event_id": "9931",
        "event_date": "2017/06/30 00:00:00+00",
        "country_name": "India",
        "state_name": "NER",
        "landslide_category": "Landslide / Debris flow",
        "trigger": "Rainfall / Monsoon",
        "fatalities": 0
      }
    },
    {
      "type": "Feature",
      "geometry": {
        "type": "Point",
        "coordinates": [
          96.2887,
          25.6219
        ]
      },
      "properties": {
        "event_id": "9365",
        "event_date": "2016/04/02 00:00:00+00",
        "country_name": "India",
        "state_name": "NER",
        "landslide_category": "Landslide / Debris flow",
        "trigger": "Rainfall / Monsoon",
        "fatalities": 0
      }
    },
    {
      "type": "Feature",
      "geometry": {
        "type": "Point",
        "coordinates": [
          88.5287,
          27.1761
        ]
      },
      "properties": {
        "event_id": "1112",
        "event_date": "2009/08/20 00:00:00+00",
        "country_name": "India",
        "state_name": "NER",
        "landslide_category": "Landslide / Debris flow",
        "trigger": "Rainfall / Monsoon",
        "fatalities": 0
      }
    },
    {
      "type": "Feature",
      "geometry": {
        "type": "Point",
        "coordinates": [
          93.5063,
          24.9829
        ]
      },
      "properties": {
        "event_id": "5431",
        "event_date": "2013/09/01 00:00:00+00",
        "country_name": "India",
        "state_name": "NER",
        "landslide_category": "Landslide / Debris flow",
        "trigger": "Rainfall / Monsoon",
        "fatalities": 0
      }
    },
    {
      "type": "Feature",
      "geometry": {
        "type": "Point",
        "coordinates": [
          93.3613,
          25.5125
        ]
      },
      "properties": {
        "event_id": "3672",
        "event_date": "2011/06/29 00:00:00+00",
        "country_name": "India",
        "state_name": "NER",
        "landslide_category": "Landslide / Debris flow",
        "trigger": "Rainfall / Monsoon",
        "fatalities": 0
      }
    },
    {
      "type": "Feature",
      "geometry": {
        "type": "Point",
        "coordinates": [
          88.5575,
          27.5161
        ]
      },
      "properties": {
        "event_id": "3997",
        "event_date": "2011/09/30 00:00:00+00",
        "country_name": "India",
        "state_name": "NER",
        "landslide_category": "Landslide / Debris flow",
        "trigger": "Rainfall / Monsoon",
        "fatalities": 0
      }
    },
    {
      "type": "Feature",
      "geometry": {
        "type": "Point",
        "coordinates": [
          93.5,
          24.9925
        ]
      },
      "properties": {
        "event_id": "1108",
        "event_date": "2009/08/20 00:00:00+00",
        "country_name": "India",
        "state_name": "NER",
        "landslide_category": "Landslide / Debris flow",
        "trigger": "Rainfall / Monsoon",
        "fatalities": 0
      }
    },
    {
      "type": "Feature",
      "geometry": {
        "type": "Point",
        "coordinates": [
          91.7599,
          23.8986
        ]
      },
      "properties": {
        "event_id": "1935",
        "event_date": "2010/06/03 00:00:00+00",
        "country_name": "India",
        "state_name": "NER",
        "landslide_category": "Landslide / Debris flow",
        "trigger": "Rainfall / Monsoon",
        "fatalities": 0
      }
    },
    {
      "type": "Feature",
      "geometry": {
        "type": "Point",
        "coordinates": [
          94.1399,
          25.4788
        ]
      },
      "properties": {
        "event_id": "2576",
        "event_date": "2010/10/09 00:00:00+00",
        "country_name": "India",
        "state_name": "NER",
        "landslide_category": "Landslide / Debris flow",
        "trigger": "Rainfall / Monsoon",
        "fatalities": 0
      }
    },
    {
      "type": "Feature",
      "geometry": {
        "type": "Point",
        "coordinates": [
          88.28040839,
          26.8670539
        ]
      },
      "properties": {
        "event_id": "11226",
        "event_date": "2009/08/16 00:00:00+00",
        "country_name": "India",
        "state_name": "NER",
        "landslide_category": "Landslide / Debris flow",
        "trigger": "Rainfall / Monsoon",
        "fatalities": 0
      }
    },
    {
      "type": "Feature",
      "geometry": {
        "type": "Point",
        "coordinates": [
          91.53090192,
          23.79260297
        ]
      },
      "properties": {
        "event_id": "11501",
        "event_date": "2018/05/20 00:00:00+00",
        "country_name": "India",
        "state_name": "NER",
        "landslide_category": "Landslide / Debris flow",
        "trigger": "Rainfall / Monsoon",
        "fatalities": 0
      }
    },
    {
      "type": "Feature",
      "geometry": {
        "type": "Point",
        "coordinates": [
          93.53251686,
          22.8739754
        ]
      },
      "properties": {
        "event_id": "11588",
        "event_date": "1970/01/01 00:00:00+00",
        "country_name": "India",
        "state_name": "NER",
        "landslide_category": "Landslide / Debris flow",
        "trigger": "Rainfall / Monsoon",
        "fatalities": 0
      }
    },
    {
      "type": "Feature",
      "geometry": {
        "type": "Point",
        "coordinates": [
          93.55851599,
          22.81178905
        ]
      },
      "properties": {
        "event_id": "11601",
        "event_date": "1970/01/01 00:00:00+00",
        "country_name": "India",
        "state_name": "NER",
        "landslide_category": "Landslide / Debris flow",
        "trigger": "Rainfall / Monsoon",
        "fatalities": 0
      }
    },
    {
      "type": "Feature",
      "geometry": {
        "type": "Point",
        "coordinates": [
          93.49864537,
          22.50470757
        ]
      },
      "properties": {
        "event_id": "11960",
        "event_date": "1970/01/01 00:00:00+00",
        "country_name": "India",
        "state_name": "NER",
        "landslide_category": "Landslide / Debris flow",
        "trigger": "Rainfall / Monsoon",
        "fatalities": 0
      }
    },
    {
      "type": "Feature",
      "geometry": {
        "type": "Point",
        "coordinates": [
          93.60424921,
          22.51902711
        ]
      },
      "properties": {
        "event_id": "11975",
        "event_date": "1970/01/01 00:00:00+00",
        "country_name": "India",
        "state_name": "NER",
        "landslide_category": "Landslide / Debris flow",
        "trigger": "Rainfall / Monsoon",
        "fatalities": 0
      }
    },
    {
      "type": "Feature",
      "geometry": {
        "type": "Point",
        "coordinates": [
          97.50244749,
          25.88705187
        ]
      },
      "properties": {
        "event_id": "12079",
        "event_date": "1970/01/01 00:00:00+00",
        "country_name": "India",
        "state_name": "NER",
        "landslide_category": "Landslide / Debris flow",
        "trigger": "Rainfall / Monsoon",
        "fatalities": 0
      }
    },
    {
      "type": "Feature",
      "geometry": {
        "type": "Point",
        "coordinates": [
          97.44288849,
          25.67945354
        ]
      },
      "properties": {
        "event_id": "12117",
        "event_date": "1970/01/01 00:00:00+00",
        "country_name": "India",
        "state_name": "NER",
        "landslide_category": "Landslide / Debris flow",
        "trigger": "Rainfall / Monsoon",
        "fatalities": 0
      }
    },
    {
      "type": "Feature",
      "geometry": {
        "type": "Point",
        "coordinates": [
          93.98177553,
          21.45206892
        ]
      },
      "properties": {
        "event_id": "12148",
        "event_date": "1970/01/01 00:00:00+00",
        "country_name": "India",
        "state_name": "NER",
        "landslide_category": "Landslide / Debris flow",
        "trigger": "Rainfall / Monsoon",
        "fatalities": 0
      }
    },
    {
      "type": "Feature",
      "geometry": {
        "type": "Point",
        "coordinates": [
          93.726329,
          21.71019482
        ]
      },
      "properties": {
        "event_id": "12152",
        "event_date": "1970/01/01 00:00:00+00",
        "country_name": "India",
        "state_name": "NER",
        "landslide_category": "Landslide / Debris flow",
        "trigger": "Rainfall / Monsoon",
        "fatalities": 0
      }
    },
    {
      "type": "Feature",
      "geometry": {
        "type": "Point",
        "coordinates": [
          93.11830365,
          21.38190838
        ]
      },
      "properties": {
        "event_id": "12167",
        "event_date": "1970/01/01 00:00:00+00",
        "country_name": "India",
        "state_name": "NER",
        "landslide_category": "Landslide / Debris flow",
        "trigger": "Rainfall / Monsoon",
        "fatalities": 0
      }
    },
    {
      "type": "Feature",
      "geometry": {
        "type": "Point",
        "coordinates": [
          93.11040251,
          21.38244263
        ]
      },
      "properties": {
        "event_id": "12170",
        "event_date": "1970/01/01 00:00:00+00",
        "country_name": "India",
        "state_name": "NER",
        "landslide_category": "Landslide / Debris flow",
        "trigger": "Rainfall / Monsoon",
        "fatalities": 0
      }
    },
    {
      "type": "Feature",
      "geometry": {
        "type": "Point",
        "coordinates": [
          97.23970863,
          26.09743469
        ]
      },
      "properties": {
        "event_id": "12287",
        "event_date": "1970/01/01 00:00:00+00",
        "country_name": "India",
        "state_name": "NER",
        "landslide_category": "Landslide / Debris flow",
        "trigger": "Rainfall / Monsoon",
        "fatalities": 0
      }
    },
    {
      "type": "Feature",
      "geometry": {
        "type": "Point",
        "coordinates": [
          97.60577684,
          26.07882796
        ]
      },
      "properties": {
        "event_id": "12293",
        "event_date": "1970/01/01 00:00:00+00",
        "country_name": "India",
        "state_name": "NER",
        "landslide_category": "Landslide / Debris flow",
        "trigger": "Rainfall / Monsoon",
        "fatalities": 0
      }
    },
    {
      "type": "Feature",
      "geometry": {
        "type": "Point",
        "coordinates": [
          97.21619589,
          26.08826568
        ]
      },
      "properties": {
        "event_id": "12294",
        "event_date": "1970/01/01 00:00:00+00",
        "country_name": "India",
        "state_name": "NER",
        "landslide_category": "Landslide / Debris flow",
        "trigger": "Rainfall / Monsoon",
        "fatalities": 0
      }
    },
    {
      "type": "Feature",
      "geometry": {
        "type": "Point",
        "coordinates": [
          97.14352582,
          26.2153611
        ]
      },
      "properties": {
        "event_id": "12314",
        "event_date": "1970/01/01 00:00:00+00",
        "country_name": "India",
        "state_name": "NER",
        "landslide_category": "Landslide / Debris flow",
        "trigger": "Rainfall / Monsoon",
        "fatalities": 0
      }
    },
    {
      "type": "Feature",
      "geometry": {
        "type": "Point",
        "coordinates": [
          97.21171353,
          26.36138596
        ]
      },
      "properties": {
        "event_id": "12316",
        "event_date": "1970/01/01 00:00:00+00",
        "country_name": "India",
        "state_name": "NER",
        "landslide_category": "Landslide / Debris flow",
        "trigger": "Rainfall / Monsoon",
        "fatalities": 0
      }
    },
    {
      "type": "Feature",
      "geometry": {
        "type": "Point",
        "coordinates": [
          95.7,
          29.8
        ]
      },
      "properties": {
        "event_id": "792",
        "event_date": "2008/09/16 00:00:00+00",
        "country_name": "India",
        "state_name": "NER",
        "landslide_category": "Landslide / Debris flow",
        "trigger": "Rainfall / Monsoon",
        "fatalities": 0
      }
    },
    {
      "type": "Feature",
      "geometry": {
        "type": "Point",
        "coordinates": [
          93.8067,
          25.7713
        ]
      },
      "properties": {
        "event_id": "3916",
        "event_date": "2011/08/13 00:00:00+00",
        "country_name": "India",
        "state_name": "NER",
        "landslide_category": "Landslide / Debris flow",
        "trigger": "Rainfall / Monsoon",
        "fatalities": 0
      }
    },
    {
      "type": "Feature",
      "geometry": {
        "type": "Point",
        "coordinates": [
          95.0243,
          26.7223
        ]
      },
      "properties": {
        "event_id": "9405",
        "event_date": "2016/04/19 00:00:00+00",
        "country_name": "India",
        "state_name": "NER",
        "landslide_category": "Landslide / Debris flow",
        "trigger": "Rainfall / Monsoon",
        "fatalities": 0
      }
    },
    {
      "type": "Feature",
      "geometry": {
        "type": "Point",
        "coordinates": [
          91.7825,
          26.1961
        ]
      },
      "properties": {
        "event_id": "8222",
        "event_date": "2016/06/22 00:00:00+00",
        "country_name": "India",
        "state_name": "NER",
        "landslide_category": "Landslide / Debris flow",
        "trigger": "Rainfall / Monsoon",
        "fatalities": 0
      }
    },
    {
      "type": "Feature",
      "geometry": {
        "type": "Point",
        "coordinates": [
          93.6795,
          25.1604
        ]
      },
      "properties": {
        "event_id": "4241",
        "event_date": "2012/03/04 00:00:00+00",
        "country_name": "India",
        "state_name": "NER",
        "landslide_category": "Landslide / Debris flow",
        "trigger": "Rainfall / Monsoon",
        "fatalities": 0
      }
    },
    {
      "type": "Feature",
      "geometry": {
        "type": "Point",
        "coordinates": [
          95.8776,
          28.4298
        ]
      },
      "properties": {
        "event_id": "1930",
        "event_date": "2010/05/31 00:00:00+00",
        "country_name": "India",
        "state_name": "NER",
        "landslide_category": "Landslide / Debris flow",
        "trigger": "Rainfall / Monsoon",
        "fatalities": 0
      }
    },
    {
      "type": "Feature",
      "geometry": {
        "type": "Point",
        "coordinates": [
          94.1054,
          25.4196
        ]
      },
      "properties": {
        "event_id": "2163",
        "event_date": "2010/07/29 00:00:00+00",
        "country_name": "India",
        "state_name": "NER",
        "landslide_category": "Landslide / Debris flow",
        "trigger": "Rainfall / Monsoon",
        "fatalities": 0
      }
    },
    {
      "type": "Feature",
      "geometry": {
        "type": "Point",
        "coordinates": [
          88.3195318,
          26.88211522
        ]
      },
      "properties": {
        "event_id": "1093",
        "event_date": "2009/08/16 00:00:00+00",
        "country_name": "India",
        "state_name": "NER",
        "landslide_category": "Landslide / Debris flow",
        "trigger": "Rainfall / Monsoon",
        "fatalities": 0
      }
    },
    {
      "type": "Feature",
      "geometry": {
        "type": "Point",
        "coordinates": [
          91.8205,
          22.3555
        ]
      },
      "properties": {
        "event_id": "84",
        "event_date": "2007/06/11 00:00:00+00",
        "country_name": "India",
        "state_name": "NER",
        "landslide_category": "Landslide / Debris flow",
        "trigger": "Rainfall / Monsoon",
        "fatalities": 0
      }
    },
    {
      "type": "Feature",
      "geometry": {
        "type": "Point",
        "coordinates": [
          92.3814,
          24.6005
        ]
      },
      "properties": {
        "event_id": "1934",
        "event_date": "2010/06/03 00:00:00+00",
        "country_name": "India",
        "state_name": "NER",
        "landslide_category": "Landslide / Debris flow",
        "trigger": "Rainfall / Monsoon",
        "fatalities": 0
      }
    },
    {
      "type": "Feature",
      "geometry": {
        "type": "Point",
        "coordinates": [
          88.3664,
          27.1695
        ]
      },
      "properties": {
        "event_id": "9619",
        "event_date": "2016/10/15 00:00:00+00",
        "country_name": "India",
        "state_name": "NER",
        "landslide_category": "Landslide / Debris flow",
        "trigger": "Rainfall / Monsoon",
        "fatalities": 0
      }
    },
    {
      "type": "Feature",
      "geometry": {
        "type": "Point",
        "coordinates": [
          94.5282,
          26.0101
        ]
      },
      "properties": {
        "event_id": "9219",
        "event_date": "2016/07/26 00:00:00+00",
        "country_name": "India",
        "state_name": "NER",
        "landslide_category": "Landslide / Debris flow",
        "trigger": "Rainfall / Monsoon",
        "fatalities": 0
      }
    },
    {
      "type": "Feature",
      "geometry": {
        "type": "Point",
        "coordinates": [
          88.29184021,
          26.87324244
        ]
      },
      "properties": {
        "event_id": "1050",
        "event_date": "2009/07/03 00:00:00+00",
        "country_name": "India",
        "state_name": "NER",
        "landslide_category": "Landslide / Debris flow",
        "trigger": "Rainfall / Monsoon",
        "fatalities": 0
      }
    },
    {
      "type": "Feature",
      "geometry": {
        "type": "Point",
        "coordinates": [
          92.8411,
          24.9849
        ]
      },
      "properties": {
        "event_id": "545",
        "event_date": "2008/05/20 00:00:00+00",
        "country_name": "India",
        "state_name": "NER",
        "landslide_category": "Landslide / Debris flow",
        "trigger": "Rainfall / Monsoon",
        "fatalities": 0
      }
    },
    {
      "type": "Feature",
      "geometry": {
        "type": "Point",
        "coordinates": [
          94.1057,
          25.6263
        ]
      },
      "properties": {
        "event_id": "7727",
        "event_date": "2015/08/20 00:00:00+00",
        "country_name": "India",
        "state_name": "NER",
        "landslide_category": "Landslide / Debris flow",
        "trigger": "Rainfall / Monsoon",
        "fatalities": 0
      }
    },
    {
      "type": "Feature",
      "geometry": {
        "type": "Point",
        "coordinates": [
          93.0514,
          23.8447
        ]
      },
      "properties": {
        "event_id": "7778",
        "event_date": "2015/08/26 00:00:00+00",
        "country_name": "India",
        "state_name": "NER",
        "landslide_category": "Landslide / Debris flow",
        "trigger": "Rainfall / Monsoon",
        "fatalities": 0
      }
    },
    {
      "type": "Feature",
      "geometry": {
        "type": "Point",
        "coordinates": [
          94.5247,
          26.3185
        ]
      },
      "properties": {
        "event_id": "9142",
        "event_date": "2016/06/14 00:00:00+00",
        "country_name": "India",
        "state_name": "NER",
        "landslide_category": "Landslide / Debris flow",
        "trigger": "Rainfall / Monsoon",
        "fatalities": 0
      }
    },
    {
      "type": "Feature",
      "geometry": {
        "type": "Point",
        "coordinates": [
          94.1079,
          25.4191
        ]
      },
      "properties": {
        "event_id": "3741",
        "event_date": "2011/07/07 00:00:00+00",
        "country_name": "India",
        "state_name": "NER",
        "landslide_category": "Landslide / Debris flow",
        "trigger": "Rainfall / Monsoon",
        "fatalities": 0
      }
    },
    {
      "type": "Feature",
      "geometry": {
        "type": "Point",
        "coordinates": [
          88.47,
          26.89
        ]
      },
      "properties": {
        "event_id": "1037",
        "event_date": "2009/06/17 00:00:00+00",
        "country_name": "India",
        "state_name": "NER",
        "landslide_category": "Landslide / Debris flow",
        "trigger": "Rainfall / Monsoon",
        "fatalities": 0
      }
    },
    {
      "type": "Feature",
      "geometry": {
        "type": "Point",
        "coordinates": [
          92.0104,
          25.1622
        ]
      },
      "properties": {
        "event_id": "9333",
        "event_date": "2016/02/25 00:00:00+00",
        "country_name": "India",
        "state_name": "NER",
        "landslide_category": "Landslide / Debris flow",
        "trigger": "Rainfall / Monsoon",
        "fatalities": 0
      }
    },
    {
      "type": "Feature",
      "geometry": {
        "type": "Point",
        "coordinates": [
          95.8011,
          27.174
        ]
      },
      "properties": {
        "event_id": "4435",
        "event_date": "2012/06/25 00:00:00+00",
        "country_name": "India",
        "state_name": "NER",
        "landslide_category": "Landslide / Debris flow",
        "trigger": "Rainfall / Monsoon",
        "fatalities": 0
      }
    },
    {
      "type": "Feature",
      "geometry": {
        "type": "Point",
        "coordinates": [
          94.5808,
          26.284
        ]
      },
      "properties": {
        "event_id": "5271",
        "event_date": "2013/08/04 00:00:00+00",
        "country_name": "India",
        "state_name": "NER",
        "landslide_category": "Landslide / Debris flow",
        "trigger": "Rainfall / Monsoon",
        "fatalities": 0
      }
    },
    {
      "type": "Feature",
      "geometry": {
        "type": "Point",
        "coordinates": [
          91.7227,
          24.5784
        ]
      },
      "properties": {
        "event_id": "6020",
        "event_date": "2014/05/10 00:00:00+00",
        "country_name": "India",
        "state_name": "NER",
        "landslide_category": "Landslide / Debris flow",
        "trigger": "Rainfall / Monsoon",
        "fatalities": 0
      }
    },
    {
      "type": "Feature",
      "geometry": {
        "type": "Point",
        "coordinates": [
          88.6586,
          27.6163
        ]
      },
      "properties": {
        "event_id": "7031",
        "event_date": "2015/05/24 00:00:00+00",
        "country_name": "India",
        "state_name": "NER",
        "landslide_category": "Landslide / Debris flow",
        "trigger": "Rainfall / Monsoon",
        "fatalities": 0
      }
    },
    {
      "type": "Feature",
      "geometry": {
        "type": "Point",
        "coordinates": [
          94.0989,
          27.2298
        ]
      },
      "properties": {
        "event_id": "587",
        "event_date": "2008/06/15 00:00:00+00",
        "country_name": "India",
        "state_name": "NER",
        "landslide_category": "Landslide / Debris flow",
        "trigger": "Rainfall / Monsoon",
        "fatalities": 0
      }
    },
    {
      "type": "Feature",
      "geometry": {
        "type": "Point",
        "coordinates": [
          92.967,
          22.479
        ]
      },
      "properties": {
        "event_id": "148",
        "event_date": "2007/07/30 00:00:00+00",
        "country_name": "India",
        "state_name": "NER",
        "landslide_category": "Landslide / Debris flow",
        "trigger": "Rainfall / Monsoon",
        "fatalities": 0
      }
    },
    {
      "type": "Feature",
      "geometry": {
        "type": "Point",
        "coordinates": [
          91.8236,
          22.3605
        ]
      },
      "properties": {
        "event_id": "7359",
        "event_date": "2015/09/27 00:00:00+00",
        "country_name": "India",
        "state_name": "NER",
        "landslide_category": "Landslide / Debris flow",
        "trigger": "Rainfall / Monsoon",
        "fatalities": 0
      }
    },
    {
      "type": "Feature",
      "geometry": {
        "type": "Point",
        "coordinates": [
          95.0827,
          21.3354
        ]
      },
      "properties": {
        "event_id": "4021",
        "event_date": "2011/10/20 00:00:00+00",
        "country_name": "India",
        "state_name": "NER",
        "landslide_category": "Landslide / Debris flow",
        "trigger": "Rainfall / Monsoon",
        "fatalities": 0
      }
    },
    {
      "type": "Feature",
      "geometry": {
        "type": "Point",
        "coordinates": [
          88.1881,
          26.8352
        ]
      },
      "properties": {
        "event_id": "7036",
        "event_date": "2015/07/01 00:00:00+00",
        "country_name": "India",
        "state_name": "NER",
        "landslide_category": "Landslide / Debris flow",
        "trigger": "Rainfall / Monsoon",
        "fatalities": 0
      }
    },
    {
      "type": "Feature",
      "geometry": {
        "type": "Point",
        "coordinates": [
          95.4149,
          28.3092
        ]
      },
      "properties": {
        "event_id": "2539",
        "event_date": "2010/10/03 00:00:00+00",
        "country_name": "India",
        "state_name": "NER",
        "landslide_category": "Landslide / Debris flow",
        "trigger": "Rainfall / Monsoon",
        "fatalities": 0
      }
    },
    {
      "type": "Feature",
      "geometry": {
        "type": "Point",
        "coordinates": [
          88.251,
          27.0076
        ]
      },
      "properties": {
        "event_id": "7021",
        "event_date": "2015/06/27 00:00:00+00",
        "country_name": "India",
        "state_name": "NER",
        "landslide_category": "Landslide / Debris flow",
        "trigger": "Rainfall / Monsoon",
        "fatalities": 0
      }
    },
    {
      "type": "Feature",
      "geometry": {
        "type": "Point",
        "coordinates": [
          91.7561,
          24.4136
        ]
      },
      "properties": {
        "event_id": "6019",
        "event_date": "2014/05/10 00:00:00+00",
        "country_name": "India",
        "state_name": "NER",
        "landslide_category": "Landslide / Debris flow",
        "trigger": "Rainfall / Monsoon",
        "fatalities": 0
      }
    },
    {
      "type": "Feature",
      "geometry": {
        "type": "Point",
        "coordinates": [
          96.174,
          27.9032
        ]
      },
      "properties": {
        "event_id": "6015",
        "event_date": "2014/05/08 00:00:00+00",
        "country_name": "India",
        "state_name": "NER",
        "landslide_category": "Landslide / Debris flow",
        "trigger": "Rainfall / Monsoon",
        "fatalities": 0
      }
    },
    {
      "type": "Feature",
      "geometry": {
        "type": "Point",
        "coordinates": [
          90.4678,
          27.4373
        ]
      },
      "properties": {
        "event_id": "7696",
        "event_date": "2015/08/14 00:00:00+00",
        "country_name": "India",
        "state_name": "NER",
        "landslide_category": "Landslide / Debris flow",
        "trigger": "Rainfall / Monsoon",
        "fatalities": 0
      }
    },
    {
      "type": "Feature",
      "geometry": {
        "type": "Point",
        "coordinates": [
          92.35,
          27.4
        ]
      },
      "properties": {
        "event_id": "870",
        "event_date": "2008/10/29 00:00:00+00",
        "country_name": "India",
        "state_name": "NER",
        "landslide_category": "Landslide / Debris flow",
        "trigger": "Rainfall / Monsoon",
        "fatalities": 0
      }
    },
    {
      "type": "Feature",
      "geometry": {
        "type": "Point",
        "coordinates": [
          88.2548,
          27.0096
        ]
      },
      "properties": {
        "event_id": "218",
        "event_date": "2007/08/29 00:00:00+00",
        "country_name": "India",
        "state_name": "NER",
        "landslide_category": "Landslide / Debris flow",
        "trigger": "Rainfall / Monsoon",
        "fatalities": 0
      }
    },
    {
      "type": "Feature",
      "geometry": {
        "type": "Point",
        "coordinates": [
          94.1884,
          25.3833
        ]
      },
      "properties": {
        "event_id": "5427",
        "event_date": "2013/08/15 00:00:00+00",
        "country_name": "India",
        "state_name": "NER",
        "landslide_category": "Landslide / Debris flow",
        "trigger": "Rainfall / Monsoon",
        "fatalities": 0
      }
    },
    {
      "type": "Feature",
      "geometry": {
        "type": "Point",
        "coordinates": [
          91.7042,
          26.1666
        ]
      },
      "properties": {
        "event_id": "8339",
        "event_date": "2015/09/23 00:00:00+00",
        "country_name": "India",
        "state_name": "NER",
        "landslide_category": "Landslide / Debris flow",
        "trigger": "Rainfall / Monsoon",
        "fatalities": 0
      }
    },
    {
      "type": "Feature",
      "geometry": {
        "type": "Point",
        "coordinates": [
          88.3372,
          26.8545
        ]
      },
      "properties": {
        "event_id": "6782",
        "event_date": "2011/09/28 00:00:00+00",
        "country_name": "India",
        "state_name": "NER",
        "landslide_category": "Landslide / Debris flow",
        "trigger": "Rainfall / Monsoon",
        "fatalities": 0
      }
    },
    {
      "type": "Feature",
      "geometry": {
        "type": "Point",
        "coordinates": [
          93.3729,
          25.1019
        ]
      },
      "properties": {
        "event_id": "7666",
        "event_date": "2015/08/11 00:00:00+00",
        "country_name": "India",
        "state_name": "NER",
        "landslide_category": "Landslide / Debris flow",
        "trigger": "Rainfall / Monsoon",
        "fatalities": 0
      }
    },
    {
      "type": "Feature",
      "geometry": {
        "type": "Point",
        "coordinates": [
          94.1051,
          25.6278
        ]
      },
      "properties": {
        "event_id": "7701",
        "event_date": "2015/08/19 00:00:00+00",
        "country_name": "India",
        "state_name": "NER",
        "landslide_category": "Landslide / Debris flow",
        "trigger": "Rainfall / Monsoon",
        "fatalities": 0
      }
    },
    {
      "type": "Feature",
      "geometry": {
        "type": "Point",
        "coordinates": [
          88.38,
          27.1499
        ]
      },
      "properties": {
        "event_id": "126",
        "event_date": "2007/07/16 00:00:00+00",
        "country_name": "India",
        "state_name": "NER",
        "landslide_category": "Landslide / Debris flow",
        "trigger": "Rainfall / Monsoon",
        "fatalities": 0
      }
    },
    {
      "type": "Feature",
      "geometry": {
        "type": "Point",
        "coordinates": [
          89.5833,
          27.0667
        ]
      },
      "properties": {
        "event_id": "239",
        "event_date": "2007/09/07 00:00:00+00",
        "country_name": "India",
        "state_name": "NER",
        "landslide_category": "Landslide / Debris flow",
        "trigger": "Rainfall / Monsoon",
        "fatalities": 0
      }
    },
    {
      "type": "Feature",
      "geometry": {
        "type": "Point",
        "coordinates": [
          88.4486,
          26.9343
        ]
      },
      "properties": {
        "event_id": "9618",
        "event_date": "2016/10/15 00:00:00+00",
        "country_name": "India",
        "state_name": "NER",
        "landslide_category": "Landslide / Debris flow",
        "trigger": "Rainfall / Monsoon",
        "fatalities": 0
      }
    },
    {
      "type": "Feature",
      "geometry": {
        "type": "Point",
        "coordinates": [
          93.9667,
          25.1333
        ]
      },
      "properties": {
        "event_id": "220",
        "event_date": "2007/08/31 00:00:00+00",
        "country_name": "India",
        "state_name": "NER",
        "landslide_category": "Landslide / Debris flow",
        "trigger": "Rainfall / Monsoon",
        "fatalities": 0
      }
    },
    {
      "type": "Feature",
      "geometry": {
        "type": "Point",
        "coordinates": [
          94.0885,
          25.7131
        ]
      },
      "properties": {
        "event_id": "5123",
        "event_date": "2013/07/17 00:00:00+00",
        "country_name": "India",
        "state_name": "NER",
        "landslide_category": "Landslide / Debris flow",
        "trigger": "Rainfall / Monsoon",
        "fatalities": 0
      }
    },
    {
      "type": "Feature",
      "geometry": {
        "type": "Point",
        "coordinates": [
          91.92053028,
          26.22247247
        ]
      },
      "properties": {
        "event_id": "9972",
        "event_date": "2017/07/03 00:00:00+00",
        "country_name": "India",
        "state_name": "NER",
        "landslide_category": "Landslide / Debris flow",
        "trigger": "Rainfall / Monsoon",
        "fatalities": 0
      }
    },
    {
      "type": "Feature",
      "geometry": {
        "type": "Point",
        "coordinates": [
          91.91261915,
          22.80452414
        ]
      },
      "properties": {
        "event_id": "9699",
        "event_date": "2017/06/13 00:00:00+00",
        "country_name": "India",
        "state_name": "NER",
        "landslide_category": "Landslide / Debris flow",
        "trigger": "Rainfall / Monsoon",
        "fatalities": 0
      }
    },
    {
      "type": "Feature",
      "geometry": {
        "type": "Point",
        "coordinates": [
          92.2676503,
          21.87861504
        ]
      },
      "properties": {
        "event_id": "9702",
        "event_date": "2017/06/13 00:00:00+00",
        "country_name": "India",
        "state_name": "NER",
        "landslide_category": "Landslide / Debris flow",
        "trigger": "Rainfall / Monsoon",
        "fatalities": 0
      }
    },
    {
      "type": "Feature",
      "geometry": {
        "type": "Point",
        "coordinates": [
          93.15020652,
          24.32420539
        ]
      },
      "properties": {
        "event_id": "9875",
        "event_date": "2017/06/26 00:00:00+00",
        "country_name": "India",
        "state_name": "NER",
        "landslide_category": "Landslide / Debris flow",
        "trigger": "Rainfall / Monsoon",
        "fatalities": 0
      }
    },
    {
      "type": "Feature",
      "geometry": {
        "type": "Point",
        "coordinates": [
          93.77411091,
          21.2440374
        ]
      },
      "properties": {
        "event_id": "12530",
        "event_date": "1970/01/01 00:00:00+00",
        "country_name": "India",
        "state_name": "NER",
        "landslide_category": "Landslide / Debris flow",
        "trigger": "Rainfall / Monsoon",
        "fatalities": 0
      }
    },
    {
      "type": "Feature",
      "geometry": {
        "type": "Point",
        "coordinates": [
          93.77173447,
          21.1607239
        ]
      },
      "properties": {
        "event_id": "12564",
        "event_date": "1970/01/01 00:00:00+00",
        "country_name": "India",
        "state_name": "NER",
        "landslide_category": "Landslide / Debris flow",
        "trigger": "Rainfall / Monsoon",
        "fatalities": 0
      }
    },
    {
      "type": "Feature",
      "geometry": {
        "type": "Point",
        "coordinates": [
          92.06196614,
          22.46515292
        ]
      },
      "properties": {
        "event_id": "9698",
        "event_date": "2017/12/30 00:00:00+00",
        "country_name": "India",
        "state_name": "NER",
        "landslide_category": "Landslide / Debris flow",
        "trigger": "Rainfall / Monsoon",
        "fatalities": 0
      }
    },
    {
      "type": "Feature",
      "geometry": {
        "type": "Point",
        "coordinates": [
          94.7596,
          28.1737
        ]
      },
      "properties": {
        "event_id": "7334",
        "event_date": "2015/08/18 00:00:00+00",
        "country_name": "India",
        "state_name": "NER",
        "landslide_category": "Landslide / Debris flow",
        "trigger": "Rainfall / Monsoon",
        "fatalities": 0
      }
    },
    {
      "type": "Feature",
      "geometry": {
        "type": "Point",
        "coordinates": [
          88.28087032,
          26.88405686
        ]
      },
      "properties": {
        "event_id": "1110",
        "event_date": "2009/08/20 00:00:00+00",
        "country_name": "India",
        "state_name": "NER",
        "landslide_category": "Landslide / Debris flow",
        "trigger": "Rainfall / Monsoon",
        "fatalities": 0
      }
    },
    {
      "type": "Feature",
      "geometry": {
        "type": "Point",
        "coordinates": [
          92.0074,
          21.4409
        ]
      },
      "properties": {
        "event_id": "7000",
        "event_date": "2015/06/26 00:00:00+00",
        "country_name": "India",
        "state_name": "NER",
        "landslide_category": "Landslide / Debris flow",
        "trigger": "Rainfall / Monsoon",
        "fatalities": 0
      }
    },
    {
      "type": "Feature",
      "geometry": {
        "type": "Point",
        "coordinates": [
          88.6236,
          27.3425
        ]
      },
      "properties": {
        "event_id": "256",
        "event_date": "2007/09/10 00:00:00+00",
        "country_name": "India",
        "state_name": "NER",
        "landslide_category": "Landslide / Debris flow",
        "trigger": "Rainfall / Monsoon",
        "fatalities": 0
      }
    },
    {
      "type": "Feature",
      "geometry": {
        "type": "Point",
        "coordinates": [
          93.5142,
          24.9818
        ]
      },
      "properties": {
        "event_id": "7279",
        "event_date": "2015/07/24 00:00:00+00",
        "country_name": "India",
        "state_name": "NER",
        "landslide_category": "Landslide / Debris flow",
        "trigger": "Rainfall / Monsoon",
        "fatalities": 0
      }
    },
    {
      "type": "Feature",
      "geometry": {
        "type": "Point",
        "coordinates": [
          88.556,
          27.8385
        ]
      },
      "properties": {
        "event_id": "4569",
        "event_date": "2012/09/19 00:00:00+00",
        "country_name": "India",
        "state_name": "NER",
        "landslide_category": "Landslide / Debris flow",
        "trigger": "Rainfall / Monsoon",
        "fatalities": 0
      }
    },
    {
      "type": "Feature",
      "geometry": {
        "type": "Point",
        "coordinates": [
          94.1167,
          25.616
        ]
      },
      "properties": {
        "event_id": "5084",
        "event_date": "2013/07/12 00:00:00+00",
        "country_name": "India",
        "state_name": "NER",
        "landslide_category": "Landslide / Debris flow",
        "trigger": "Rainfall / Monsoon",
        "fatalities": 0
      }
    },
    {
      "type": "Feature",
      "geometry": {
        "type": "Point",
        "coordinates": [
          89.51924545,
          27.21782272
        ]
      },
      "properties": {
        "event_id": "2067",
        "event_date": "2010/07/13 00:00:00+00",
        "country_name": "India",
        "state_name": "NER",
        "landslide_category": "Landslide / Debris flow",
        "trigger": "Rainfall / Monsoon",
        "fatalities": 0
      }
    },
    {
      "type": "Feature",
      "geometry": {
        "type": "Point",
        "coordinates": [
          91.7702,
          26.1768
        ]
      },
      "properties": {
        "event_id": "8996",
        "event_date": "2016/07/14 00:00:00+00",
        "country_name": "India",
        "state_name": "NER",
        "landslide_category": "Landslide / Debris flow",
        "trigger": "Rainfall / Monsoon",
        "fatalities": 0
      }
    },
    {
      "type": "Feature",
      "geometry": {
        "type": "Point",
        "coordinates": [
          96.3167,
          25.6167
        ]
      },
      "properties": {
        "event_id": "2084",
        "event_date": "2010/07/15 00:00:00+00",
        "country_name": "India",
        "state_name": "NER",
        "landslide_category": "Landslide / Debris flow",
        "trigger": "Rainfall / Monsoon",
        "fatalities": 0
      }
    },
    {
      "type": "Feature",
      "geometry": {
        "type": "Point",
        "coordinates": [
          93.54136779,
          27.05880384
        ]
      },
      "properties": {
        "event_id": "9834",
        "event_date": "2017/06/21 00:00:00+00",
        "country_name": "India",
        "state_name": "NER",
        "landslide_category": "Landslide / Debris flow",
        "trigger": "Rainfall / Monsoon",
        "fatalities": 0
      }
    },
    {
      "type": "Feature",
      "geometry": {
        "type": "Point",
        "coordinates": [
          93.50995626,
          27.769793
        ]
      },
      "properties": {
        "event_id": "9797",
        "event_date": "2017/05/24 00:00:00+00",
        "country_name": "India",
        "state_name": "NER",
        "landslide_category": "Landslide / Debris flow",
        "trigger": "Rainfall / Monsoon",
        "fatalities": 0
      }
    },
    {
      "type": "Feature",
      "geometry": {
        "type": "Point",
        "coordinates": [
          91.79364785,
          26.14547804
        ]
      },
      "properties": {
        "event_id": "10004",
        "event_date": "2017/07/10 00:00:00+00",
        "country_name": "India",
        "state_name": "NER",
        "landslide_category": "Landslide / Debris flow",
        "trigger": "Rainfall / Monsoon",
        "fatalities": 0
      }
    },
    {
      "type": "Feature",
      "geometry": {
        "type": "Point",
        "coordinates": [
          93.1645,
          25.5215
        ]
      },
      "properties": {
        "event_id": "1109",
        "event_date": "2009/08/20 00:00:00+00",
        "country_name": "India",
        "state_name": "NER",
        "landslide_category": "Landslide / Debris flow",
        "trigger": "Rainfall / Monsoon",
        "fatalities": 0
      }
    },
    {
      "type": "Feature",
      "geometry": {
        "type": "Point",
        "coordinates": [
          88.2778,
          26.885
        ]
      },
      "properties": {
        "event_id": "595",
        "event_date": "2008/06/20 00:00:00+00",
        "country_name": "India",
        "state_name": "NER",
        "landslide_category": "Landslide / Debris flow",
        "trigger": "Rainfall / Monsoon",
        "fatalities": 0
      }
    },
    {
      "type": "Feature",
      "geometry": {
        "type": "Point",
        "coordinates": [
          95.5488,
          22.1306
        ]
      },
      "properties": {
        "event_id": "9073",
        "event_date": "2015/12/17 00:00:00+00",
        "country_name": "India",
        "state_name": "NER",
        "landslide_category": "Landslide / Debris flow",
        "trigger": "Rainfall / Monsoon",
        "fatalities": 0
      }
    },
    {
      "type": "Feature",
      "geometry": {
        "type": "Point",
        "coordinates": [
          91.8123,
          22.3475
        ]
      },
      "properties": {
        "event_id": "5834",
        "event_date": "2014/02/03 00:00:00+00",
        "country_name": "India",
        "state_name": "NER",
        "landslide_category": "Landslide / Debris flow",
        "trigger": "Rainfall / Monsoon",
        "fatalities": 0
      }
    },
    {
      "type": "Feature",
      "geometry": {
        "type": "Point",
        "coordinates": [
          96.1779,
          27.8965
        ]
      },
      "properties": {
        "event_id": "1775",
        "event_date": "2010/04/21 00:00:00+00",
        "country_name": "India",
        "state_name": "NER",
        "landslide_category": "Landslide / Debris flow",
        "trigger": "Rainfall / Monsoon",
        "fatalities": 0
      }
    },
    {
      "type": "Feature",
      "geometry": {
        "type": "Point",
        "coordinates": [
          92.19,
          22.2251
        ]
      },
      "properties": {
        "event_id": "1064",
        "event_date": "2009/07/31 00:00:00+00",
        "country_name": "India",
        "state_name": "NER",
        "landslide_category": "Landslide / Debris flow",
        "trigger": "Rainfall / Monsoon",
        "fatalities": 0
      }
    },
    {
      "type": "Feature",
      "geometry": {
        "type": "Point",
        "coordinates": [
          88.4308,
          27.0713
        ]
      },
      "properties": {
        "event_id": "210",
        "event_date": "2007/08/25 00:00:00+00",
        "country_name": "India",
        "state_name": "NER",
        "landslide_category": "Landslide / Debris flow",
        "trigger": "Rainfall / Monsoon",
        "fatalities": 0
      }
    },
    {
      "type": "Feature",
      "geometry": {
        "type": "Point",
        "coordinates": [
          96.5242,
          28.0791
        ]
      },
      "properties": {
        "event_id": "3269",
        "event_date": "2011/03/22 00:00:00+00",
        "country_name": "India",
        "state_name": "NER",
        "landslide_category": "Landslide / Debris flow",
        "trigger": "Rainfall / Monsoon",
        "fatalities": 0
      }
    },
    {
      "type": "Feature",
      "geometry": {
        "type": "Point",
        "coordinates": [
          88.4808,
          27.0765
        ]
      },
      "properties": {
        "event_id": "1995",
        "event_date": "2010/06/16 00:00:00+00",
        "country_name": "India",
        "state_name": "NER",
        "landslide_category": "Landslide / Debris flow",
        "trigger": "Rainfall / Monsoon",
        "fatalities": 0
      }
    },
    {
      "type": "Feature",
      "geometry": {
        "type": "Point",
        "coordinates": [
          94.41480647,
          21.52723923
        ]
      },
      "properties": {
        "event_id": "163",
        "event_date": "2007/08/08 00:00:00+00",
        "country_name": "India",
        "state_name": "NER",
        "landslide_category": "Landslide / Debris flow",
        "trigger": "Rainfall / Monsoon",
        "fatalities": 0
      }
    },
    {
      "type": "Feature",
      "geometry": {
        "type": "Point",
        "coordinates": [
          93.4957,
          24.8961
        ]
      },
      "properties": {
        "event_id": "2283",
        "event_date": "2010/08/19 00:00:00+00",
        "country_name": "India",
        "state_name": "NER",
        "landslide_category": "Landslide / Debris flow",
        "trigger": "Rainfall / Monsoon",
        "fatalities": 0
      }
    },
    {
      "type": "Feature",
      "geometry": {
        "type": "Point",
        "coordinates": [
          94.0144205,
          25.03561729
        ]
      },
      "properties": {
        "event_id": "3662",
        "event_date": "2011/06/28 00:00:00+00",
        "country_name": "India",
        "state_name": "NER",
        "landslide_category": "Landslide / Debris flow",
        "trigger": "Rainfall / Monsoon",
        "fatalities": 0
      }
    },
    {
      "type": "Feature",
      "geometry": {
        "type": "Point",
        "coordinates": [
          88.167,
          26.9978
        ]
      },
      "properties": {
        "event_id": "7040",
        "event_date": "2015/07/01 00:00:00+00",
        "country_name": "India",
        "state_name": "NER",
        "landslide_category": "Landslide / Debris flow",
        "trigger": "Rainfall / Monsoon",
        "fatalities": 0
      }
    },
    {
      "type": "Feature",
      "geometry": {
        "type": "Point",
        "coordinates": [
          94.1434,
          23.899
        ]
      },
      "properties": {
        "event_id": "7383",
        "event_date": "2015/08/01 00:00:00+00",
        "country_name": "India",
        "state_name": "NER",
        "landslide_category": "Landslide / Debris flow",
        "trigger": "Rainfall / Monsoon",
        "fatalities": 0
      }
    },
    {
      "type": "Feature",
      "geometry": {
        "type": "Point",
        "coordinates": [
          91.125374,
          23.438189
        ]
      },
      "properties": {
        "event_id": "10959",
        "event_date": "2017/03/16 00:00:00+00",
        "country_name": "India",
        "state_name": "NER",
        "landslide_category": "Landslide / Debris flow",
        "trigger": "Rainfall / Monsoon",
        "fatalities": 0
      }
    },
    {
      "type": "Feature",
      "geometry": {
        "type": "Point",
        "coordinates": [
          93.84196894,
          27.61790706
        ]
      },
      "properties": {
        "event_id": "11173",
        "event_date": "2017/04/22 00:00:00+00",
        "country_name": "India",
        "state_name": "NER",
        "landslide_category": "Landslide / Debris flow",
        "trigger": "Rainfall / Monsoon",
        "fatalities": 0
      }
    },
    {
      "type": "Feature",
      "geometry": {
        "type": "Point",
        "coordinates": [
          96.3167,
          25.6157
        ]
      },
      "properties": {
        "event_id": "6124",
        "event_date": "2014/07/04 00:00:00+00",
        "country_name": "India",
        "state_name": "NER",
        "landslide_category": "Landslide / Debris flow",
        "trigger": "Rainfall / Monsoon",
        "fatalities": 0
      }
    },
    {
      "type": "Feature",
      "geometry": {
        "type": "Point",
        "coordinates": [
          91.7138,
          26.1662
        ]
      },
      "properties": {
        "event_id": "4858",
        "event_date": "2013/05/11 00:00:00+00",
        "country_name": "India",
        "state_name": "NER",
        "landslide_category": "Landslide / Debris flow",
        "trigger": "Rainfall / Monsoon",
        "fatalities": 0
      }
    },
    {
      "type": "Feature",
      "geometry": {
        "type": "Point",
        "coordinates": [
          90.5081,
          27.5003
        ]
      },
      "properties": {
        "event_id": "3816",
        "event_date": "2011/07/21 00:00:00+00",
        "country_name": "India",
        "state_name": "NER",
        "landslide_category": "Landslide / Debris flow",
        "trigger": "Rainfall / Monsoon",
        "fatalities": 0
      }
    },
    {
      "type": "Feature",
      "geometry": {
        "type": "Point",
        "coordinates": [
          91.7998,
          26.1985
        ]
      },
      "properties": {
        "event_id": "6288",
        "event_date": "2014/09/22 00:00:00+00",
        "country_name": "India",
        "state_name": "NER",
        "landslide_category": "Landslide / Debris flow",
        "trigger": "Rainfall / Monsoon",
        "fatalities": 0
      }
    },
    {
      "type": "Feature",
      "geometry": {
        "type": "Point",
        "coordinates": [
          92.407813,
          27.303999
        ]
      },
      "properties": {
        "event_id": "13263",
        "event_date": "2017/09/30 00:00:00+00",
        "country_name": "India",
        "state_name": "NER",
        "landslide_category": "Landslide / Debris flow",
        "trigger": "Rainfall / Monsoon",
        "fatalities": 0
      }
    },
    {
      "type": "Feature",
      "geometry": {
        "type": "Point",
        "coordinates": [
          93.75553088,
          21.21318782
        ]
      },
      "properties": {
        "event_id": "12543",
        "event_date": "1970/01/01 00:00:00+00",
        "country_name": "India",
        "state_name": "NER",
        "landslide_category": "Landslide / Debris flow",
        "trigger": "Rainfall / Monsoon",
        "fatalities": 0
      }
    },
    {
      "type": "Feature",
      "geometry": {
        "type": "Point",
        "coordinates": [
          93.78171501,
          21.21021122
        ]
      },
      "properties": {
        "event_id": "12551",
        "event_date": "1970/01/01 00:00:00+00",
        "country_name": "India",
        "state_name": "NER",
        "landslide_category": "Landslide / Debris flow",
        "trigger": "Rainfall / Monsoon",
        "fatalities": 0
      }
    },
    {
      "type": "Feature",
      "geometry": {
        "type": "Point",
        "coordinates": [
          94.12901274,
          25.4976444
        ]
      },
      "properties": {
        "event_id": "9974",
        "event_date": "2017/07/04 00:00:00+00",
        "country_name": "India",
        "state_name": "NER",
        "landslide_category": "Landslide / Debris flow",
        "trigger": "Rainfall / Monsoon",
        "fatalities": 0
      }
    },
    {
      "type": "Feature",
      "geometry": {
        "type": "Point",
        "coordinates": [
          88.492,
          27.593
        ]
      },
      "properties": {
        "event_id": "9853",
        "event_date": "2016/08/16 00:00:00+00",
        "country_name": "India",
        "state_name": "NER",
        "landslide_category": "Landslide / Debris flow",
        "trigger": "Rainfall / Monsoon",
        "fatalities": 0
      }
    },
    {
      "type": "Feature",
      "geometry": {
        "type": "Point",
        "coordinates": [
          93.20266204,
          24.21988831
        ]
      },
      "properties": {
        "event_id": "9877",
        "event_date": "2017/06/26 00:00:00+00",
        "country_name": "India",
        "state_name": "NER",
        "landslide_category": "Landslide / Debris flow",
        "trigger": "Rainfall / Monsoon",
        "fatalities": 0
      }
    },
    {
      "type": "Feature",
      "geometry": {
        "type": "Point",
        "coordinates": [
          93.18182448,
          24.30415689
        ]
      },
      "properties": {
        "event_id": "9876",
        "event_date": "2017/06/27 00:00:00+00",
        "country_name": "India",
        "state_name": "NER",
        "landslide_category": "Landslide / Debris flow",
        "trigger": "Rainfall / Monsoon",
        "fatalities": 0
      }
    },
    {
      "type": "Feature",
      "geometry": {
        "type": "Point",
        "coordinates": [
          88.2667225,
          26.9653186
        ]
      },
      "properties": {
        "event_id": "9741",
        "event_date": "2017/06/05 00:00:00+00",
        "country_name": "India",
        "state_name": "NER",
        "landslide_category": "Landslide / Debris flow",
        "trigger": "Rainfall / Monsoon",
        "fatalities": 0
      }
    },
    {
      "type": "Feature",
      "geometry": {
        "type": "Point",
        "coordinates": [
          88.264,
          27.04
        ]
      },
      "properties": {
        "event_id": "1056",
        "event_date": "2009/07/22 00:00:00+00",
        "country_name": "India",
        "state_name": "NER",
        "landslide_category": "Landslide / Debris flow",
        "trigger": "Rainfall / Monsoon",
        "fatalities": 0
      }
    },
    {
      "type": "Feature",
      "geometry": {
        "type": "Point",
        "coordinates": [
          88.7648,
          27.3746
        ]
      },
      "properties": {
        "event_id": "1125",
        "event_date": "2009/08/26 00:00:00+00",
        "country_name": "India",
        "state_name": "NER",
        "landslide_category": "Landslide / Debris flow",
        "trigger": "Rainfall / Monsoon",
        "fatalities": 0
      }
    },
    {
      "type": "Feature",
      "geometry": {
        "type": "Point",
        "coordinates": [
          92.01072983,
          21.38070054
        ]
      },
      "properties": {
        "event_id": "4430",
        "event_date": "2012/06/24 00:00:00+00",
        "country_name": "India",
        "state_name": "NER",
        "landslide_category": "Landslide / Debris flow",
        "trigger": "Rainfall / Monsoon",
        "fatalities": 0
      }
    },
    {
      "type": "Feature",
      "geometry": {
        "type": "Point",
        "coordinates": [
          92.47207294,
          22.90813548
        ]
      },
      "properties": {
        "event_id": "10957",
        "event_date": "2017/06/09 00:00:00+00",
        "country_name": "India",
        "state_name": "NER",
        "landslide_category": "Landslide / Debris flow",
        "trigger": "Rainfall / Monsoon",
        "fatalities": 0
      }
    },
    {
      "type": "Feature",
      "geometry": {
        "type": "Point",
        "coordinates": [
          91.79904872,
          25.43807422
        ]
      },
      "properties": {
        "event_id": "10985",
        "event_date": "2017/06/17 00:00:00+00",
        "country_name": "India",
        "state_name": "NER",
        "landslide_category": "Landslide / Debris flow",
        "trigger": "Rainfall / Monsoon",
        "fatalities": 0
      }
    },
    {
      "type": "Feature",
      "geometry": {
        "type": "Point",
        "coordinates": [
          97.20515606,
          26.13206709
        ]
      },
      "properties": {
        "event_id": "12289",
        "event_date": "1970/01/01 00:00:00+00",
        "country_name": "India",
        "state_name": "NER",
        "landslide_category": "Landslide / Debris flow",
        "trigger": "Rainfall / Monsoon",
        "fatalities": 0
      }
    },
    {
      "type": "Feature",
      "geometry": {
        "type": "Point",
        "coordinates": [
          93.78078475,
          21.23468506
        ]
      },
      "properties": {
        "event_id": "12532",
        "event_date": "1970/01/01 00:00:00+00",
        "country_name": "India",
        "state_name": "NER",
        "landslide_category": "Landslide / Debris flow",
        "trigger": "Rainfall / Monsoon",
        "fatalities": 0
      }
    },
    {
      "type": "Feature",
      "geometry": {
        "type": "Point",
        "coordinates": [
          93.77996273,
          21.19583565
        ]
      },
      "properties": {
        "event_id": "12559",
        "event_date": "1970/01/01 00:00:00+00",
        "country_name": "India",
        "state_name": "NER",
        "landslide_category": "Landslide / Debris flow",
        "trigger": "Rainfall / Monsoon",
        "fatalities": 0
      }
    },
    {
      "type": "Feature",
      "geometry": {
        "type": "Point",
        "coordinates": [
          93.75154395,
          21.15313484
        ]
      },
      "properties": {
        "event_id": "12566",
        "event_date": "1970/01/01 00:00:00+00",
        "country_name": "India",
        "state_name": "NER",
        "landslide_category": "Landslide / Debris flow",
        "trigger": "Rainfall / Monsoon",
        "fatalities": 0
      }
    },
    {
      "type": "Feature",
      "geometry": {
        "type": "Point",
        "coordinates": [
          93.75778422,
          21.1524849
        ]
      },
      "properties": {
        "event_id": "12567",
        "event_date": "1970/01/01 00:00:00+00",
        "country_name": "India",
        "state_name": "NER",
        "landslide_category": "Landslide / Debris flow",
        "trigger": "Rainfall / Monsoon",
        "fatalities": 0
      }
    },
    {
      "type": "Feature",
      "geometry": {
        "type": "Point",
        "coordinates": [
          94.018619,
          24.981195
        ]
      },
      "properties": {
        "event_id": "12712",
        "event_date": "2017/09/29 00:00:00+00",
        "country_name": "India",
        "state_name": "NER",
        "landslide_category": "Landslide / Debris flow",
        "trigger": "Rainfall / Monsoon",
        "fatalities": 0
      }
    },
    {
      "type": "Feature",
      "geometry": {
        "type": "Point",
        "coordinates": [
          94.133345,
          25.533595
        ]
      },
      "properties": {
        "event_id": "12713",
        "event_date": "2017/10/22 00:00:00+00",
        "country_name": "India",
        "state_name": "NER",
        "landslide_category": "Landslide / Debris flow",
        "trigger": "Rainfall / Monsoon",
        "fatalities": 0
      }
    },
    {
      "type": "Feature",
      "geometry": {
        "type": "Point",
        "coordinates": [
          88.7323,
          27.3736
        ]
      },
      "properties": {
        "event_id": "5476",
        "event_date": "2013/09/07 00:00:00+00",
        "country_name": "India",
        "state_name": "NER",
        "landslide_category": "Landslide / Debris flow",
        "trigger": "Rainfall / Monsoon",
        "fatalities": 0
      }
    },
    {
      "type": "Feature",
      "geometry": {
        "type": "Point",
        "coordinates": [
          93.66495709,
          27.14163897
        ]
      },
      "properties": {
        "event_id": "11170",
        "event_date": "2017/07/09 00:00:00+00",
        "country_name": "India",
        "state_name": "NER",
        "landslide_category": "Landslide / Debris flow",
        "trigger": "Rainfall / Monsoon",
        "fatalities": 0
      }
    },
    {
      "type": "Feature",
      "geometry": {
        "type": "Point",
        "coordinates": [
          88.443,
          27.0087
        ]
      },
      "properties": {
        "event_id": "6964",
        "event_date": "2015/06/17 00:00:00+00",
        "country_name": "India",
        "state_name": "NER",
        "landslide_category": "Landslide / Debris flow",
        "trigger": "Rainfall / Monsoon",
        "fatalities": 0
      }
    },
    {
      "type": "Feature",
      "geometry": {
        "type": "Point",
        "coordinates": [
          88.28121204,
          27.06826195
        ]
      },
      "properties": {
        "event_id": "231",
        "event_date": "2007/09/05 00:00:00+00",
        "country_name": "India",
        "state_name": "NER",
        "landslide_category": "Landslide / Debris flow",
        "trigger": "Rainfall / Monsoon",
        "fatalities": 0
      }
    },
    {
      "type": "Feature",
      "geometry": {
        "type": "Point",
        "coordinates": [
          94.5121,
          26.3186
        ]
      },
      "properties": {
        "event_id": "3633",
        "event_date": "2011/06/20 00:00:00+00",
        "country_name": "India",
        "state_name": "NER",
        "landslide_category": "Landslide / Debris flow",
        "trigger": "Rainfall / Monsoon",
        "fatalities": 0
      }
    },
    {
      "type": "Feature",
      "geometry": {
        "type": "Point",
        "coordinates": [
          94.23757741,
          25.08303063
        ]
      },
      "properties": {
        "event_id": "11152",
        "event_date": "2017/04/06 00:00:00+00",
        "country_name": "India",
        "state_name": "NER",
        "landslide_category": "Landslide / Debris flow",
        "trigger": "Rainfall / Monsoon",
        "fatalities": 0
      }
    },
    {
      "type": "Feature",
      "geometry": {
        "type": "Point",
        "coordinates": [
          93.85748748,
          26.95223279
        ]
      },
      "properties": {
        "event_id": "11163",
        "event_date": "2017/07/10 00:00:00+00",
        "country_name": "India",
        "state_name": "NER",
        "landslide_category": "Landslide / Debris flow",
        "trigger": "Rainfall / Monsoon",
        "fatalities": 0
      }
    },
    {
      "type": "Feature",
      "geometry": {
        "type": "Point",
        "coordinates": [
          91.8008536,
          24.33197035
        ]
      },
      "properties": {
        "event_id": "10965",
        "event_date": "2017/06/19 00:00:00+00",
        "country_name": "India",
        "state_name": "NER",
        "landslide_category": "Landslide / Debris flow",
        "trigger": "Rainfall / Monsoon",
        "fatalities": 0
      }
    },
    {
      "type": "Feature",
      "geometry": {
        "type": "Point",
        "coordinates": [
          94.81481951,
          26.2632687
        ]
      },
      "properties": {
        "event_id": "11160",
        "event_date": "2017/07/10 00:00:00+00",
        "country_name": "India",
        "state_name": "NER",
        "landslide_category": "Landslide / Debris flow",
        "trigger": "Rainfall / Monsoon",
        "fatalities": 0
      }
    },
    {
      "type": "Feature",
      "geometry": {
        "type": "Point",
        "coordinates": [
          93.62592773,
          27.6802471
        ]
      },
      "properties": {
        "event_id": "11174",
        "event_date": "2017/04/22 00:00:00+00",
        "country_name": "India",
        "state_name": "NER",
        "landslide_category": "Landslide / Debris flow",
        "trigger": "Rainfall / Monsoon",
        "fatalities": 0
      }
    },
    {
      "type": "Feature",
      "geometry": {
        "type": "Point",
        "coordinates": [
          88.57106646,
          26.96904055
        ]
      },
      "properties": {
        "event_id": "11343",
        "event_date": "2017/10/16 00:00:00+00",
        "country_name": "India",
        "state_name": "NER",
        "landslide_category": "Landslide / Debris flow",
        "trigger": "Rainfall / Monsoon",
        "fatalities": 0
      }
    },
    {
      "type": "Feature",
      "geometry": {
        "type": "Point",
        "coordinates": [
          94.6219,
          25.72
        ]
      },
      "properties": {
        "event_id": "7409",
        "event_date": "2015/08/02 00:00:00+00",
        "country_name": "India",
        "state_name": "NER",
        "landslide_category": "Landslide / Debris flow",
        "trigger": "Rainfall / Monsoon",
        "fatalities": 0
      }
    },
    {
      "type": "Feature",
      "geometry": {
        "type": "Point",
        "coordinates": [
          91.8242,
          22.3421
        ]
      },
      "properties": {
        "event_id": "727",
        "event_date": "2008/08/18 00:00:00+00",
        "country_name": "India",
        "state_name": "NER",
        "landslide_category": "Landslide / Debris flow",
        "trigger": "Rainfall / Monsoon",
        "fatalities": 0
      }
    },
    {
      "type": "Feature",
      "geometry": {
        "type": "Point",
        "coordinates": [
          91.7652,
          26.1964
        ]
      },
      "properties": {
        "event_id": "6112",
        "event_date": "2014/06/28 00:00:00+00",
        "country_name": "India",
        "state_name": "NER",
        "landslide_category": "Landslide / Debris flow",
        "trigger": "Rainfall / Monsoon",
        "fatalities": 0
      }
    },
    {
      "type": "Feature",
      "geometry": {
        "type": "Point",
        "coordinates": [
          93.58051385,
          22.49181173
        ]
      },
      "properties": {
        "event_id": "11964",
        "event_date": "1970/01/01 00:00:00+00",
        "country_name": "India",
        "state_name": "NER",
        "landslide_category": "Landslide / Debris flow",
        "trigger": "Rainfall / Monsoon",
        "fatalities": 0
      }
    },
    {
      "type": "Feature",
      "geometry": {
        "type": "Point",
        "coordinates": [
          97.15691693,
          26.16854337
        ]
      },
      "properties": {
        "event_id": "12076",
        "event_date": "1970/01/01 00:00:00+00",
        "country_name": "India",
        "state_name": "NER",
        "landslide_category": "Landslide / Debris flow",
        "trigger": "Rainfall / Monsoon",
        "fatalities": 0
      }
    },
    {
      "type": "Feature",
      "geometry": {
        "type": "Point",
        "coordinates": [
          97.45362112,
          25.6898175
        ]
      },
      "properties": {
        "event_id": "12087",
        "event_date": "1970/01/01 00:00:00+00",
        "country_name": "India",
        "state_name": "NER",
        "landslide_category": "Landslide / Debris flow",
        "trigger": "Rainfall / Monsoon",
        "fatalities": 0
      }
    },
    {
      "type": "Feature",
      "geometry": {
        "type": "Point",
        "coordinates": [
          97.44661089,
          25.6812089
        ]
      },
      "properties": {
        "event_id": "12112",
        "event_date": "1970/01/01 00:00:00+00",
        "country_name": "India",
        "state_name": "NER",
        "landslide_category": "Landslide / Debris flow",
        "trigger": "Rainfall / Monsoon",
        "fatalities": 0
      }
    },
    {
      "type": "Feature",
      "geometry": {
        "type": "Point",
        "coordinates": [
          97.44082324,
          25.68510686
        ]
      },
      "properties": {
        "event_id": "12121",
        "event_date": "1970/01/01 00:00:00+00",
        "country_name": "India",
        "state_name": "NER",
        "landslide_category": "Landslide / Debris flow",
        "trigger": "Rainfall / Monsoon",
        "fatalities": 0
      }
    },
    {
      "type": "Feature",
      "geometry": {
        "type": "Point",
        "coordinates": [
          93.97319182,
          21.1909678
        ]
      },
      "properties": {
        "event_id": "12139",
        "event_date": "1970/01/01 00:00:00+00",
        "country_name": "India",
        "state_name": "NER",
        "landslide_category": "Landslide / Debris flow",
        "trigger": "Rainfall / Monsoon",
        "fatalities": 0
      }
    },
    {
      "type": "Feature",
      "geometry": {
        "type": "Point",
        "coordinates": [
          97.20361653,
          26.13665439
        ]
      },
      "properties": {
        "event_id": "12290",
        "event_date": "1970/01/01 00:00:00+00",
        "country_name": "India",
        "state_name": "NER",
        "landslide_category": "Landslide / Debris flow",
        "trigger": "Rainfall / Monsoon",
        "fatalities": 0
      }
    },
    {
      "type": "Feature",
      "geometry": {
        "type": "Point",
        "coordinates": [
          97.63838398,
          26.1316848
        ]
      },
      "properties": {
        "event_id": "12304",
        "event_date": "1970/01/01 00:00:00+00",
        "country_name": "India",
        "state_name": "NER",
        "landslide_category": "Landslide / Debris flow",
        "trigger": "Rainfall / Monsoon",
        "fatalities": 0
      }
    },
    {
      "type": "Feature",
      "geometry": {
        "type": "Point",
        "coordinates": [
          95.90077863,
          27.02602975
        ]
      },
      "properties": {
        "event_id": "12309",
        "event_date": "1970/01/01 00:00:00+00",
        "country_name": "India",
        "state_name": "NER",
        "landslide_category": "Landslide / Debris flow",
        "trigger": "Rainfall / Monsoon",
        "fatalities": 0
      }
    },
    {
      "type": "Feature",
      "geometry": {
        "type": "Point",
        "coordinates": [
          95.84215611,
          26.96458109
        ]
      },
      "properties": {
        "event_id": "12313",
        "event_date": "1970/01/01 00:00:00+00",
        "country_name": "India",
        "state_name": "NER",
        "landslide_category": "Landslide / Debris flow",
        "trigger": "Rainfall / Monsoon",
        "fatalities": 0
      }
    },
    {
      "type": "Feature",
      "geometry": {
        "type": "Point",
        "coordinates": [
          97.28447997,
          26.52820511
        ]
      },
      "properties": {
        "event_id": "12317",
        "event_date": "1970/01/01 00:00:00+00",
        "country_name": "India",
        "state_name": "NER",
        "landslide_category": "Landslide / Debris flow",
        "trigger": "Rainfall / Monsoon",
        "fatalities": 0
      }
    },
    {
      "type": "Feature",
      "geometry": {
        "type": "Point",
        "coordinates": [
          93.017,
          23.6866
        ]
      },
      "properties": {
        "event_id": "7838",
        "event_date": "2015/08/27 00:00:00+00",
        "country_name": "India",
        "state_name": "NER",
        "landslide_category": "Landslide / Debris flow",
        "trigger": "Rainfall / Monsoon",
        "fatalities": 0
      }
    },
    {
      "type": "Feature",
      "geometry": {
        "type": "Point",
        "coordinates": [
          91.8506,
          25.5576
        ]
      },
      "properties": {
        "event_id": "212",
        "event_date": "2007/08/26 00:00:00+00",
        "country_name": "India",
        "state_name": "NER",
        "landslide_category": "Landslide / Debris flow",
        "trigger": "Rainfall / Monsoon",
        "fatalities": 0
      }
    },
    {
      "type": "Feature",
      "geometry": {
        "type": "Point",
        "coordinates": [
          92.0757,
          25.5498
        ]
      },
      "properties": {
        "event_id": "4408",
        "event_date": "2012/06/13 00:00:00+00",
        "country_name": "India",
        "state_name": "NER",
        "landslide_category": "Landslide / Debris flow",
        "trigger": "Rainfall / Monsoon",
        "fatalities": 0
      }
    },
    {
      "type": "Feature",
      "geometry": {
        "type": "Point",
        "coordinates": [
          88.2426,
          27.3425
        ]
      },
      "properties": {
        "event_id": "5429",
        "event_date": "2013/09/01 00:00:00+00",
        "country_name": "India",
        "state_name": "NER",
        "landslide_category": "Landslide / Debris flow",
        "trigger": "Rainfall / Monsoon",
        "fatalities": 0
      }
    },
    {
      "type": "Feature",
      "geometry": {
        "type": "Point",
        "coordinates": [
          88.4089,
          26.7324
        ]
      },
      "properties": {
        "event_id": "93",
        "event_date": "2007/06/13 00:00:00+00",
        "country_name": "India",
        "state_name": "NER",
        "landslide_category": "Landslide / Debris flow",
        "trigger": "Rainfall / Monsoon",
        "fatalities": 0
      }
    },
    {
      "type": "Feature",
      "geometry": {
        "type": "Point",
        "coordinates": [
          88.4719,
          26.9015
        ]
      },
      "properties": {
        "event_id": "9138",
        "event_date": "2016/07/21 00:00:00+00",
        "country_name": "India",
        "state_name": "NER",
        "landslide_category": "Landslide / Debris flow",
        "trigger": "Rainfall / Monsoon",
        "fatalities": 0
      }
    },
    {
      "type": "Feature",
      "geometry": {
        "type": "Point",
        "coordinates": [
          91.6739,
          26.1868
        ]
      },
      "properties": {
        "event_id": "7933",
        "event_date": "2015/09/01 00:00:00+00",
        "country_name": "India",
        "state_name": "NER",
        "landslide_category": "Landslide / Debris flow",
        "trigger": "Rainfall / Monsoon",
        "fatalities": 0
      }
    },
    {
      "type": "Feature",
      "geometry": {
        "type": "Point",
        "coordinates": [
          94.3415,
          25.0634
        ]
      },
      "properties": {
        "event_id": "7372",
        "event_date": "2015/07/31 00:00:00+00",
        "country_name": "India",
        "state_name": "NER",
        "landslide_category": "Landslide / Debris flow",
        "trigger": "Rainfall / Monsoon",
        "fatalities": 0
      }
    },
    {
      "type": "Feature",
      "geometry": {
        "type": "Point",
        "coordinates": [
          93.9128,
          24.837
        ]
      },
      "properties": {
        "event_id": "2570",
        "event_date": "2010/10/08 00:00:00+00",
        "country_name": "India",
        "state_name": "NER",
        "landslide_category": "Landslide / Debris flow",
        "trigger": "Rainfall / Monsoon",
        "fatalities": 0
      }
    },
    {
      "type": "Feature",
      "geometry": {
        "type": "Point",
        "coordinates": [
          92.1868,
          22.2092
        ]
      },
      "properties": {
        "event_id": "7702",
        "event_date": "2015/08/20 00:00:00+00",
        "country_name": "India",
        "state_name": "NER",
        "landslide_category": "Landslide / Debris flow",
        "trigger": "Rainfall / Monsoon",
        "fatalities": 0
      }
    },
    {
      "type": "Feature",
      "geometry": {
        "type": "Point",
        "coordinates": [
          88.3373,
          26.8546
        ]
      },
      "properties": {
        "event_id": "6783",
        "event_date": "2012/07/19 00:00:00+00",
        "country_name": "India",
        "state_name": "NER",
        "landslide_category": "Landslide / Debris flow",
        "trigger": "Rainfall / Monsoon",
        "fatalities": 0
      }
    },
    {
      "type": "Feature",
      "geometry": {
        "type": "Point",
        "coordinates": [
          91.9696,
          21.5202
        ]
      },
      "properties": {
        "event_id": "4248",
        "event_date": "2012/03/08 00:00:00+00",
        "country_name": "India",
        "state_name": "NER",
        "landslide_category": "Landslide / Debris flow",
        "trigger": "Rainfall / Monsoon",
        "fatalities": 0
      }
    },
    {
      "type": "Feature",
      "geometry": {
        "type": "Point",
        "coordinates": [
          94.0644,
          24.4072
        ]
      },
      "properties": {
        "event_id": "7389",
        "event_date": "2015/08/01 00:00:00+00",
        "country_name": "India",
        "state_name": "NER",
        "landslide_category": "Landslide / Debris flow",
        "trigger": "Rainfall / Monsoon",
        "fatalities": 0
      }
    },
    {
      "type": "Feature",
      "geometry": {
        "type": "Point",
        "coordinates": [
          91.8295,
          22.3513
        ]
      },
      "properties": {
        "event_id": "7298",
        "event_date": "2015/07/27 00:00:00+00",
        "country_name": "India",
        "state_name": "NER",
        "landslide_category": "Landslide / Debris flow",
        "trigger": "Rainfall / Monsoon",
        "fatalities": 0
      }
    },
    {
      "type": "Feature",
      "geometry": {
        "type": "Point",
        "coordinates": [
          92.2135,
          22.1909
        ]
      },
      "properties": {
        "event_id": "7718",
        "event_date": "2015/08/21 00:00:00+00",
        "country_name": "India",
        "state_name": "NER",
        "landslide_category": "Landslide / Debris flow",
        "trigger": "Rainfall / Monsoon",
        "fatalities": 0
      }
    },
    {
      "type": "Feature",
      "geometry": {
        "type": "Point",
        "coordinates": [
          90.232,
          25.5212
        ]
      },
      "properties": {
        "event_id": "142",
        "event_date": "2007/07/27 00:00:00+00",
        "country_name": "India",
        "state_name": "NER",
        "landslide_category": "Landslide / Debris flow",
        "trigger": "Rainfall / Monsoon",
        "fatalities": 0
      }
    },
    {
      "type": "Feature",
      "geometry": {
        "type": "Point",
        "coordinates": [
          93.65156438,
          27.1071241
        ]
      },
      "properties": {
        "event_id": "11164",
        "event_date": "2017/07/09 00:00:00+00",
        "country_name": "India",
        "state_name": "NER",
        "landslide_category": "Landslide / Debris flow",
        "trigger": "Rainfall / Monsoon",
        "fatalities": 0
      }
    },
    {
      "type": "Feature",
      "geometry": {
        "type": "Point",
        "coordinates": [
          92.85410625,
          23.33501164
        ]
      },
      "properties": {
        "event_id": "10963",
        "event_date": "2017/06/12 00:00:00+00",
        "country_name": "India",
        "state_name": "NER",
        "landslide_category": "Landslide / Debris flow",
        "trigger": "Rainfall / Monsoon",
        "fatalities": 0
      }
    },
    {
      "type": "Feature",
      "geometry": {
        "type": "Point",
        "coordinates": [
          91.75063827,
          25.08734272
        ]
      },
      "properties": {
        "event_id": "10981",
        "event_date": "2017/01/23 00:00:00+00",
        "country_name": "India",
        "state_name": "NER",
        "landslide_category": "Landslide / Debris flow",
        "trigger": "Rainfall / Monsoon",
        "fatalities": 0
      }
    },
    {
      "type": "Feature",
      "geometry": {
        "type": "Point",
        "coordinates": [
          88.2816,
          27.2872
        ]
      },
      "properties": {
        "event_id": "269",
        "event_date": "2007/09/18 00:00:00+00",
        "country_name": "India",
        "state_name": "NER",
        "landslide_category": "Landslide / Debris flow",
        "trigger": "Rainfall / Monsoon",
        "fatalities": 0
      }
    },
    {
      "type": "Feature",
      "geometry": {
        "type": "Point",
        "coordinates": [
          93.172758,
          25.195355
        ]
      },
      "properties": {
        "event_id": "10979",
        "event_date": "2017/04/04 00:00:00+00",
        "country_name": "India",
        "state_name": "NER",
        "landslide_category": "Landslide / Debris flow",
        "trigger": "Rainfall / Monsoon",
        "fatalities": 0
      }
    },
    {
      "type": "Feature",
      "geometry": {
        "type": "Point",
        "coordinates": [
          93.28039349,
          24.27173018
        ]
      },
      "properties": {
        "event_id": "10968",
        "event_date": "2017/07/09 00:00:00+00",
        "country_name": "India",
        "state_name": "NER",
        "landslide_category": "Landslide / Debris flow",
        "trigger": "Rainfall / Monsoon",
        "fatalities": 0
      }
    },
    {
      "type": "Feature",
      "geometry": {
        "type": "Point",
        "coordinates": [
          93.50102778,
          27.05957271
        ]
      },
      "properties": {
        "event_id": "11169",
        "event_date": "2017/07/09 00:00:00+00",
        "country_name": "India",
        "state_name": "NER",
        "landslide_category": "Landslide / Debris flow",
        "trigger": "Rainfall / Monsoon",
        "fatalities": 0
      }
    },
    {
      "type": "Feature",
      "geometry": {
        "type": "Point",
        "coordinates": [
          94.03225673,
          25.72019272
        ]
      },
      "properties": {
        "event_id": "11155",
        "event_date": "2017/07/08 00:00:00+00",
        "country_name": "India",
        "state_name": "NER",
        "landslide_category": "Landslide / Debris flow",
        "trigger": "Rainfall / Monsoon",
        "fatalities": 0
      }
    },
    {
      "type": "Feature",
      "geometry": {
        "type": "Point",
        "coordinates": [
          93.93507183,
          25.77171292
        ]
      },
      "properties": {
        "event_id": "11154",
        "event_date": "2017/04/07 00:00:00+00",
        "country_name": "India",
        "state_name": "NER",
        "landslide_category": "Landslide / Debris flow",
        "trigger": "Rainfall / Monsoon",
        "fatalities": 0
      }
    },
    {
      "type": "Feature",
      "geometry": {
        "type": "Point",
        "coordinates": [
          93.59755441,
          27.07671517
        ]
      },
      "properties": {
        "event_id": "11166",
        "event_date": "2017/07/09 00:00:00+00",
        "country_name": "India",
        "state_name": "NER",
        "landslide_category": "Landslide / Debris flow",
        "trigger": "Rainfall / Monsoon",
        "fatalities": 0
      }
    },
    {
      "type": "Feature",
      "geometry": {
        "type": "Point",
        "coordinates": [
          94.27420555,
          25.06466676
        ]
      },
      "properties": {
        "event_id": "11151",
        "event_date": "2017/07/08 00:00:00+00",
        "country_name": "India",
        "state_name": "NER",
        "landslide_category": "Landslide / Debris flow",
        "trigger": "Rainfall / Monsoon",
        "fatalities": 0
      }
    },
    {
      "type": "Feature",
      "geometry": {
        "type": "Point",
        "coordinates": [
          88.26257359,
          27.03596051
        ]
      },
      "properties": {
        "event_id": "11393",
        "event_date": "2018/05/14 00:00:00+00",
        "country_name": "India",
        "state_name": "NER",
        "landslide_category": "Landslide / Debris flow",
        "trigger": "Rainfall / Monsoon",
        "fatalities": 0
      }
    },
    {
      "type": "Feature",
      "geometry": {
        "type": "Point",
        "coordinates": [
          92.7516868,
          23.73672831
        ]
      },
      "properties": {
        "event_id": "11403",
        "event_date": "2018/05/12 00:00:00+00",
        "country_name": "India",
        "state_name": "NER",
        "landslide_category": "Landslide / Debris flow",
        "trigger": "Rainfall / Monsoon",
        "fatalities": 0
      }
    },
    {
      "type": "Feature",
      "geometry": {
        "type": "Point",
        "coordinates": [
          93.51034916,
          22.88498245
        ]
      },
      "properties": {
        "event_id": "11583",
        "event_date": "1970/01/01 00:00:00+00",
        "country_name": "India",
        "state_name": "NER",
        "landslide_category": "Landslide / Debris flow",
        "trigger": "Rainfall / Monsoon",
        "fatalities": 0
      }
    },
    {
      "type": "Feature",
      "geometry": {
        "type": "Point",
        "coordinates": [
          93.54240244,
          22.83542478
        ]
      },
      "properties": {
        "event_id": "11593",
        "event_date": "1970/01/01 00:00:00+00",
        "country_name": "India",
        "state_name": "NER",
        "landslide_category": "Landslide / Debris flow",
        "trigger": "Rainfall / Monsoon",
        "fatalities": 0
      }
    },
    {
      "type": "Feature",
      "geometry": {
        "type": "Point",
        "coordinates": [
          93.55560366,
          22.82799091
        ]
      },
      "properties": {
        "event_id": "11596",
        "event_date": "1970/01/01 00:00:00+00",
        "country_name": "India",
        "state_name": "NER",
        "landslide_category": "Landslide / Debris flow",
        "trigger": "Rainfall / Monsoon",
        "fatalities": 0
      }
    },
    {
      "type": "Feature",
      "geometry": {
        "type": "Point",
        "coordinates": [
          93.41123103,
          23.42738821
        ]
      },
      "properties": {
        "event_id": "11602",
        "event_date": "1970/01/01 00:00:00+00",
        "country_name": "India",
        "state_name": "NER",
        "landslide_category": "Landslide / Debris flow",
        "trigger": "Rainfall / Monsoon",
        "fatalities": 0
      }
    },
    {
      "type": "Feature",
      "geometry": {
        "type": "Point",
        "coordinates": [
          94.1162,
          25.4379
        ]
      },
      "properties": {
        "event_id": "319",
        "event_date": "2007/10/19 00:00:00+00",
        "country_name": "India",
        "state_name": "NER",
        "landslide_category": "Landslide / Debris flow",
        "trigger": "Rainfall / Monsoon",
        "fatalities": 0
      }
    },
    {
      "type": "Feature",
      "geometry": {
        "type": "Point",
        "coordinates": [
          94.11112157,
          25.63961883
        ]
      },
      "properties": {
        "event_id": "2415",
        "event_date": "2010/09/12 00:00:00+00",
        "country_name": "India",
        "state_name": "NER",
        "landslide_category": "Landslide / Debris flow",
        "trigger": "Rainfall / Monsoon",
        "fatalities": 0
      }
    },
    {
      "type": "Feature",
      "geometry": {
        "type": "Point",
        "coordinates": [
          88.4481,
          26.9722
        ]
      },
      "properties": {
        "event_id": "2279",
        "event_date": "2010/08/19 00:00:00+00",
        "country_name": "India",
        "state_name": "NER",
        "landslide_category": "Landslide / Debris flow",
        "trigger": "Rainfall / Monsoon",
        "fatalities": 0
      }
    },
    {
      "type": "Feature",
      "geometry": {
        "type": "Point",
        "coordinates": [
          97.4353076,
          25.6648181
        ]
      },
      "properties": {
        "event_id": "12099",
        "event_date": "1970/01/01 00:00:00+00",
        "country_name": "India",
        "state_name": "NER",
        "landslide_category": "Landslide / Debris flow",
        "trigger": "Rainfall / Monsoon",
        "fatalities": 0
      }
    },
    {
      "type": "Feature",
      "geometry": {
        "type": "Point",
        "coordinates": [
          97.43728968,
          25.66484628
        ]
      },
      "properties": {
        "event_id": "12101",
        "event_date": "1970/01/01 00:00:00+00",
        "country_name": "India",
        "state_name": "NER",
        "landslide_category": "Landslide / Debris flow",
        "trigger": "Rainfall / Monsoon",
        "fatalities": 0
      }
    },
    {
      "type": "Feature",
      "geometry": {
        "type": "Point",
        "coordinates": [
          97.44596477,
          25.68215344
        ]
      },
      "properties": {
        "event_id": "12115",
        "event_date": "1970/01/01 00:00:00+00",
        "country_name": "India",
        "state_name": "NER",
        "landslide_category": "Landslide / Debris flow",
        "trigger": "Rainfall / Monsoon",
        "fatalities": 0
      }
    },
    {
      "type": "Feature",
      "geometry": {
        "type": "Point",
        "coordinates": [
          92.62368713,
          21.14254784
        ]
      },
      "properties": {
        "event_id": "12129",
        "event_date": "1970/01/01 00:00:00+00",
        "country_name": "India",
        "state_name": "NER",
        "landslide_category": "Landslide / Debris flow",
        "trigger": "Rainfall / Monsoon",
        "fatalities": 0
      }
    },
    {
      "type": "Feature",
      "geometry": {
        "type": "Point",
        "coordinates": [
          93.98607158,
          21.44537155
        ]
      },
      "properties": {
        "event_id": "12149",
        "event_date": "1970/01/01 00:00:00+00",
        "country_name": "India",
        "state_name": "NER",
        "landslide_category": "Landslide / Debris flow",
        "trigger": "Rainfall / Monsoon",
        "fatalities": 0
      }
    },
    {
      "type": "Feature",
      "geometry": {
        "type": "Point",
        "coordinates": [
          93.12738891,
          21.3988958
        ]
      },
      "properties": {
        "event_id": "12172",
        "event_date": "1970/01/01 00:00:00+00",
        "country_name": "India",
        "state_name": "NER",
        "landslide_category": "Landslide / Debris flow",
        "trigger": "Rainfall / Monsoon",
        "fatalities": 0
      }
    },
    {
      "type": "Feature",
      "geometry": {
        "type": "Point",
        "coordinates": [
          93.9815,
          24.004
        ]
      },
      "properties": {
        "event_id": "7385",
        "event_date": "2015/08/01 00:00:00+00",
        "country_name": "India",
        "state_name": "NER",
        "landslide_category": "Landslide / Debris flow",
        "trigger": "Rainfall / Monsoon",
        "fatalities": 0
      }
    },
    {
      "type": "Feature",
      "geometry": {
        "type": "Point",
        "coordinates": [
          94.1739,
          25.8782
        ]
      },
      "properties": {
        "event_id": "3683",
        "event_date": "2011/07/01 00:00:00+00",
        "country_name": "India",
        "state_name": "NER",
        "landslide_category": "Landslide / Debris flow",
        "trigger": "Rainfall / Monsoon",
        "fatalities": 0
      }
    },
    {
      "type": "Feature",
      "geometry": {
        "type": "Point",
        "coordinates": [
          91.8695,
          26.048
        ]
      },
      "properties": {
        "event_id": "7956",
        "event_date": "2015/09/05 00:00:00+00",
        "country_name": "India",
        "state_name": "NER",
        "landslide_category": "Landslide / Debris flow",
        "trigger": "Rainfall / Monsoon",
        "fatalities": 0
      }
    },
    {
      "type": "Feature",
      "geometry": {
        "type": "Point",
        "coordinates": [
          92.2897,
          25.3433
        ]
      },
      "properties": {
        "event_id": "1857",
        "event_date": "2010/05/11 00:00:00+00",
        "country_name": "India",
        "state_name": "NER",
        "landslide_category": "Landslide / Debris flow",
        "trigger": "Rainfall / Monsoon",
        "fatalities": 0
      }
    },
    {
      "type": "Feature",
      "geometry": {
        "type": "Point",
        "coordinates": [
          93.3783,
          23.5397
        ]
      },
      "properties": {
        "event_id": "9232",
        "event_date": "2016/07/28 00:00:00+00",
        "country_name": "India",
        "state_name": "NER",
        "landslide_category": "Landslide / Debris flow",
        "trigger": "Rainfall / Monsoon",
        "fatalities": 0
      }
    },
    {
      "type": "Feature",
      "geometry": {
        "type": "Point",
        "coordinates": [
          88.633,
          27.7344
        ]
      },
      "properties": {
        "event_id": "3944",
        "event_date": "2011/08/25 00:00:00+00",
        "country_name": "India",
        "state_name": "NER",
        "landslide_category": "Landslide / Debris flow",
        "trigger": "Rainfall / Monsoon",
        "fatalities": 0
      }
    },
    {
      "type": "Feature",
      "geometry": {
        "type": "Point",
        "coordinates": [
          92.19566765,
          21.06313524
        ]
      },
      "properties": {
        "event_id": "1974",
        "event_date": "2010/06/15 00:00:00+00",
        "country_name": "India",
        "state_name": "NER",
        "landslide_category": "Landslide / Debris flow",
        "trigger": "Rainfall / Monsoon",
        "fatalities": 0
      }
    },
    {
      "type": "Feature",
      "geometry": {
        "type": "Point",
        "coordinates": [
          90.2023,
          25.5145
        ]
      },
      "properties": {
        "event_id": "7335",
        "event_date": "2015/08/18 00:00:00+00",
        "country_name": "India",
        "state_name": "NER",
        "landslide_category": "Landslide / Debris flow",
        "trigger": "Rainfall / Monsoon",
        "fatalities": 0
      }
    },
    {
      "type": "Feature",
      "geometry": {
        "type": "Point",
        "coordinates": [
          88.2579,
          27.2879
        ]
      },
      "properties": {
        "event_id": "3643",
        "event_date": "2011/06/23 00:00:00+00",
        "country_name": "India",
        "state_name": "NER",
        "landslide_category": "Landslide / Debris flow",
        "trigger": "Rainfall / Monsoon",
        "fatalities": 0
      }
    },
    {
      "type": "Feature",
      "geometry": {
        "type": "Point",
        "coordinates": [
          94.9921,
          26.8716
        ]
      },
      "properties": {
        "event_id": "2106",
        "event_date": "2010/07/20 00:00:00+00",
        "country_name": "India",
        "state_name": "NER",
        "landslide_category": "Landslide / Debris flow",
        "trigger": "Rainfall / Monsoon",
        "fatalities": 0
      }
    },
    {
      "type": "Feature",
      "geometry": {
        "type": "Point",
        "coordinates": [
          93.7273,
          27.0011
        ]
      },
      "properties": {
        "event_id": "2411",
        "event_date": "2010/09/10 00:00:00+00",
        "country_name": "India",
        "state_name": "NER",
        "landslide_category": "Landslide / Debris flow",
        "trigger": "Rainfall / Monsoon",
        "fatalities": 0
      }
    },
    {
      "type": "Feature",
      "geometry": {
        "type": "Point",
        "coordinates": [
          90.5573,
          25.203
        ]
      },
      "properties": {
        "event_id": "9124",
        "event_date": "2016/07/19 00:00:00+00",
        "country_name": "India",
        "state_name": "NER",
        "landslide_category": "Landslide / Debris flow",
        "trigger": "Rainfall / Monsoon",
        "fatalities": 0
      }
    },
    {
      "type": "Feature",
      "geometry": {
        "type": "Point",
        "coordinates": [
          92.74128531,
          23.75406693
        ]
      },
      "properties": {
        "event_id": "2421",
        "event_date": "2010/09/13 00:00:00+00",
        "country_name": "India",
        "state_name": "NER",
        "landslide_category": "Landslide / Debris flow",
        "trigger": "Rainfall / Monsoon",
        "fatalities": 0
      }
    },
    {
      "type": "Feature",
      "geometry": {
        "type": "Point",
        "coordinates": [
          94.5163,
          26.0137
        ]
      },
      "properties": {
        "event_id": "5268",
        "event_date": "2013/08/04 00:00:00+00",
        "country_name": "India",
        "state_name": "NER",
        "landslide_category": "Landslide / Debris flow",
        "trigger": "Rainfall / Monsoon",
        "fatalities": 0
      }
    },
    {
      "type": "Feature",
      "geometry": {
        "type": "Point",
        "coordinates": [
          95.4112,
          28.3036
        ]
      },
      "properties": {
        "event_id": "2405",
        "event_date": "2010/09/09 00:00:00+00",
        "country_name": "India",
        "state_name": "NER",
        "landslide_category": "Landslide / Debris flow",
        "trigger": "Rainfall / Monsoon",
        "fatalities": 0
      }
    },
    {
      "type": "Feature",
      "geometry": {
        "type": "Point",
        "coordinates": [
          88.6188,
          27.3392
        ]
      },
      "properties": {
        "event_id": "2345",
        "event_date": "2010/08/27 00:00:00+00",
        "country_name": "India",
        "state_name": "NER",
        "landslide_category": "Landslide / Debris flow",
        "trigger": "Rainfall / Monsoon",
        "fatalities": 0
      }
    },
    {
      "type": "Feature",
      "geometry": {
        "type": "Point",
        "coordinates": [
          96.48,
          22.9
        ]
      },
      "properties": {
        "event_id": "720",
        "event_date": "2008/08/16 00:00:00+00",
        "country_name": "India",
        "state_name": "NER",
        "landslide_category": "Landslide / Debris flow",
        "trigger": "Rainfall / Monsoon",
        "fatalities": 0
      }
    },
    {
      "type": "Feature",
      "geometry": {
        "type": "Point",
        "coordinates": [
          88.29518925,
          26.90298048
        ]
      },
      "properties": {
        "event_id": "9976",
        "event_date": "2017/07/05 00:00:00+00",
        "country_name": "India",
        "state_name": "NER",
        "landslide_category": "Landslide / Debris flow",
        "trigger": "Rainfall / Monsoon",
        "fatalities": 0
      }
    },
    {
      "type": "Feature",
      "geometry": {
        "type": "Point",
        "coordinates": [
          94.29816252,
          23.19807165
        ]
      },
      "properties": {
        "event_id": "9746",
        "event_date": "2017/06/05 00:00:00+00",
        "country_name": "India",
        "state_name": "NER",
        "landslide_category": "Landslide / Debris flow",
        "trigger": "Rainfall / Monsoon",
        "fatalities": 0
      }
    },
    {
      "type": "Feature",
      "geometry": {
        "type": "Point",
        "coordinates": [
          95.399897,
          26.88161
        ]
      },
      "properties": {
        "event_id": "9869",
        "event_date": "2016/08/16 00:00:00+00",
        "country_name": "India",
        "state_name": "NER",
        "landslide_category": "Landslide / Debris flow",
        "trigger": "Rainfall / Monsoon",
        "fatalities": 0
      }
    },
    {
      "type": "Feature",
      "geometry": {
        "type": "Point",
        "coordinates": [
          93.54235868,
          27.05909317
        ]
      },
      "properties": {
        "event_id": "9743",
        "event_date": "2017/06/04 00:00:00+00",
        "country_name": "India",
        "state_name": "NER",
        "landslide_category": "Landslide / Debris flow",
        "trigger": "Rainfall / Monsoon",
        "fatalities": 0
      }
    },
    {
      "type": "Feature",
      "geometry": {
        "type": "Point",
        "coordinates": [
          92.16404889,
          22.59420297
        ]
      },
      "properties": {
        "event_id": "9715",
        "event_date": "2017/06/12 00:00:00+00",
        "country_name": "India",
        "state_name": "NER",
        "landslide_category": "Landslide / Debris flow",
        "trigger": "Rainfall / Monsoon",
        "fatalities": 0
      }
    },
    {
      "type": "Feature",
      "geometry": {
        "type": "Point",
        "coordinates": [
          93.60815652,
          27.08168565
        ]
      },
      "properties": {
        "event_id": "9935",
        "event_date": "2017/07/01 00:00:00+00",
        "country_name": "India",
        "state_name": "NER",
        "landslide_category": "Landslide / Debris flow",
        "trigger": "Rainfall / Monsoon",
        "fatalities": 0
      }
    },
    {
      "type": "Feature",
      "geometry": {
        "type": "Point",
        "coordinates": [
          92.64204045,
          27.01145644
        ]
      },
      "properties": {
        "event_id": "9934",
        "event_date": "2017/07/01 00:00:00+00",
        "country_name": "India",
        "state_name": "NER",
        "landslide_category": "Landslide / Debris flow",
        "trigger": "Rainfall / Monsoon",
        "fatalities": 0
      }
    },
    {
      "type": "Feature",
      "geometry": {
        "type": "Point",
        "coordinates": [
          93.4333,
          24.75
        ]
      },
      "properties": {
        "event_id": "322",
        "event_date": "2007/10/21 00:00:00+00",
        "country_name": "India",
        "state_name": "NER",
        "landslide_category": "Landslide / Debris flow",
        "trigger": "Rainfall / Monsoon",
        "fatalities": 0
      }
    },
    {
      "type": "Feature",
      "geometry": {
        "type": "Point",
        "coordinates": [
          90.4077,
          23.7118
        ]
      },
      "properties": {
        "event_id": "3804",
        "event_date": "2011/07/19 00:00:00+00",
        "country_name": "India",
        "state_name": "NER",
        "landslide_category": "Landslide / Debris flow",
        "trigger": "Rainfall / Monsoon",
        "fatalities": 0
      }
    },
    {
      "type": "Feature",
      "geometry": {
        "type": "Point",
        "coordinates": [
          88.63411246,
          27.15977181
        ]
      },
      "properties": {
        "event_id": "1094",
        "event_date": "2009/08/16 00:00:00+00",
        "country_name": "India",
        "state_name": "NER",
        "landslide_category": "Landslide / Debris flow",
        "trigger": "Rainfall / Monsoon",
        "fatalities": 0
      }
    },
    {
      "type": "Feature",
      "geometry": {
        "type": "Point",
        "coordinates": [
          93.7525,
          27.1614
        ]
      },
      "properties": {
        "event_id": "5442",
        "event_date": "2013/09/02 00:00:00+00",
        "country_name": "India",
        "state_name": "NER",
        "landslide_category": "Landslide / Debris flow",
        "trigger": "Rainfall / Monsoon",
        "fatalities": 0
      }
    },
    {
      "type": "Feature",
      "geometry": {
        "type": "Point",
        "coordinates": [
          89.9032,
          25.7238
        ]
      },
      "properties": {
        "event_id": "6292",
        "event_date": "2014/09/23 00:00:00+00",
        "country_name": "India",
        "state_name": "NER",
        "landslide_category": "Landslide / Debris flow",
        "trigger": "Rainfall / Monsoon",
        "fatalities": 0
      }
    },
    {
      "type": "Feature",
      "geometry": {
        "type": "Point",
        "coordinates": [
          94.9439,
          26.3897
        ]
      },
      "properties": {
        "event_id": "5336",
        "event_date": "2013/08/16 00:00:00+00",
        "country_name": "India",
        "state_name": "NER",
        "landslide_category": "Landslide / Debris flow",
        "trigger": "Rainfall / Monsoon",
        "fatalities": 0
      }
    },
    {
      "type": "Feature",
      "geometry": {
        "type": "Point",
        "coordinates": [
          94.1201,
          23.7736
        ]
      },
      "properties": {
        "event_id": "7314",
        "event_date": "2015/08/01 00:00:00+00",
        "country_name": "India",
        "state_name": "NER",
        "landslide_category": "Landslide / Debris flow",
        "trigger": "Rainfall / Monsoon",
        "fatalities": 0
      }
    },
    {
      "type": "Feature",
      "geometry": {
        "type": "Point",
        "coordinates": [
          92.6724,
          24.042
        ]
      },
      "properties": {
        "event_id": "7836",
        "event_date": "2015/08/27 00:00:00+00",
        "country_name": "India",
        "state_name": "NER",
        "landslide_category": "Landslide / Debris flow",
        "trigger": "Rainfall / Monsoon",
        "fatalities": 0
      }
    },
    {
      "type": "Feature",
      "geometry": {
        "type": "Point",
        "coordinates": [
          96.1509,
          28.8254
        ]
      },
      "properties": {
        "event_id": "4798",
        "event_date": "2013/04/07 00:00:00+00",
        "country_name": "India",
        "state_name": "NER",
        "landslide_category": "Landslide / Debris flow",
        "trigger": "Rainfall / Monsoon",
        "fatalities": 0
      }
    },
    {
      "type": "Feature",
      "geometry": {
        "type": "Point",
        "coordinates": [
          91.72137514,
          26.49349035
        ]
      },
      "properties": {
        "event_id": "7923",
        "event_date": "2015/09/01 00:00:00+00",
        "country_name": "India",
        "state_name": "NER",
        "landslide_category": "Landslide / Debris flow",
        "trigger": "Rainfall / Monsoon",
        "fatalities": 0
      }
    },
    {
      "type": "Feature",
      "geometry": {
        "type": "Point",
        "coordinates": [
          88.2807,
          26.8781
        ]
      },
      "properties": {
        "event_id": "7038",
        "event_date": "2015/07/01 00:00:00+00",
        "country_name": "India",
        "state_name": "NER",
        "landslide_category": "Landslide / Debris flow",
        "trigger": "Rainfall / Monsoon",
        "fatalities": 0
      }
    },
    {
      "type": "Feature",
      "geometry": {
        "type": "Point",
        "coordinates": [
          94.1095,
          25.6703
        ]
      },
      "properties": {
        "event_id": "3760",
        "event_date": "2011/07/11 00:00:00+00",
        "country_name": "India",
        "state_name": "NER",
        "landslide_category": "Landslide / Debris flow",
        "trigger": "Rainfall / Monsoon",
        "fatalities": 0
      }
    },
    {
      "type": "Feature",
      "geometry": {
        "type": "Point",
        "coordinates": [
          88.2478,
          27.0161
        ]
      },
      "properties": {
        "event_id": "7033",
        "event_date": "2015/06/29 00:00:00+00",
        "country_name": "India",
        "state_name": "NER",
        "landslide_category": "Landslide / Debris flow",
        "trigger": "Rainfall / Monsoon",
        "fatalities": 0
      }
    },
    {
      "type": "Feature",
      "geometry": {
        "type": "Point",
        "coordinates": [
          92.8,
          27.7
        ]
      },
      "properties": {
        "event_id": "1084",
        "event_date": "2009/08/12 00:00:00+00",
        "country_name": "India",
        "state_name": "NER",
        "landslide_category": "Landslide / Debris flow",
        "trigger": "Rainfall / Monsoon",
        "fatalities": 0
      }
    },
    {
      "type": "Feature",
      "geometry": {
        "type": "Point",
        "coordinates": [
          93.5027,
          24.9786
        ]
      },
      "properties": {
        "event_id": "2166",
        "event_date": "2010/07/29 00:00:00+00",
        "country_name": "India",
        "state_name": "NER",
        "landslide_category": "Landslide / Debris flow",
        "trigger": "Rainfall / Monsoon",
        "fatalities": 0
      }
    },
    {
      "type": "Feature",
      "geometry": {
        "type": "Point",
        "coordinates": [
          91.893,
          25.583
        ]
      },
      "properties": {
        "event_id": "8366",
        "event_date": "2015/09/23 00:00:00+00",
        "country_name": "India",
        "state_name": "NER",
        "landslide_category": "Landslide / Debris flow",
        "trigger": "Rainfall / Monsoon",
        "fatalities": 0
      }
    },
    {
      "type": "Feature",
      "geometry": {
        "type": "Point",
        "coordinates": [
          91.6036289,
          27.16009861
        ]
      },
      "properties": {
        "event_id": "10865",
        "event_date": "2017/07/08 00:00:00+00",
        "country_name": "India",
        "state_name": "NER",
        "landslide_category": "Landslide / Debris flow",
        "trigger": "Rainfall / Monsoon",
        "fatalities": 0
      }
    },
    {
      "type": "Feature",
      "geometry": {
        "type": "Point",
        "coordinates": [
          92.80921064,
          22.148327
        ]
      },
      "properties": {
        "event_id": "11956",
        "event_date": "1970/01/01 00:00:00+00",
        "country_name": "India",
        "state_name": "NER",
        "landslide_category": "Landslide / Debris flow",
        "trigger": "Rainfall / Monsoon",
        "fatalities": 0
      }
    },
    {
      "type": "Feature",
      "geometry": {
        "type": "Point",
        "coordinates": [
          93.60018829,
          22.50541477
        ]
      },
      "properties": {
        "event_id": "11971",
        "event_date": "1970/01/01 00:00:00+00",
        "country_name": "India",
        "state_name": "NER",
        "landslide_category": "Landslide / Debris flow",
        "trigger": "Rainfall / Monsoon",
        "fatalities": 0
      }
    },
    {
      "type": "Feature",
      "geometry": {
        "type": "Point",
        "coordinates": [
          93.59973432,
          22.52039458
        ]
      },
      "properties": {
        "event_id": "11977",
        "event_date": "1970/01/01 00:00:00+00",
        "country_name": "India",
        "state_name": "NER",
        "landslide_category": "Landslide / Debris flow",
        "trigger": "Rainfall / Monsoon",
        "fatalities": 0
      }
    },
    {
      "type": "Feature",
      "geometry": {
        "type": "Point",
        "coordinates": [
          97.43805054,
          25.66577459
        ]
      },
      "properties": {
        "event_id": "12102",
        "event_date": "1970/01/01 00:00:00+00",
        "country_name": "India",
        "state_name": "NER",
        "landslide_category": "Landslide / Debris flow",
        "trigger": "Rainfall / Monsoon",
        "fatalities": 0
      }
    },
    {
      "type": "Feature",
      "geometry": {
        "type": "Point",
        "coordinates": [
          97.43902303,
          25.68018643
        ]
      },
      "properties": {
        "event_id": "12118",
        "event_date": "1970/01/01 00:00:00+00",
        "country_name": "India",
        "state_name": "NER",
        "landslide_category": "Landslide / Debris flow",
        "trigger": "Rainfall / Monsoon",
        "fatalities": 0
      }
    },
    {
      "type": "Feature",
      "geometry": {
        "type": "Point",
        "coordinates": [
          93.97848888,
          21.18682923
        ]
      },
      "properties": {
        "event_id": "12138",
        "event_date": "1970/01/01 00:00:00+00",
        "country_name": "India",
        "state_name": "NER",
        "landslide_category": "Landslide / Debris flow",
        "trigger": "Rainfall / Monsoon",
        "fatalities": 0
      }
    },
    {
      "type": "Feature",
      "geometry": {
        "type": "Point",
        "coordinates": [
          93.96894823,
          21.19395175
        ]
      },
      "properties": {
        "event_id": "12140",
        "event_date": "1970/01/01 00:00:00+00",
        "country_name": "India",
        "state_name": "NER",
        "landslide_category": "Landslide / Debris flow",
        "trigger": "Rainfall / Monsoon",
        "fatalities": 0
      }
    },
    {
      "type": "Feature",
      "geometry": {
        "type": "Point",
        "coordinates": [
          93.09196821,
          21.40384197
        ]
      },
      "properties": {
        "event_id": "12175",
        "event_date": "1970/01/01 00:00:00+00",
        "country_name": "India",
        "state_name": "NER",
        "landslide_category": "Landslide / Debris flow",
        "trigger": "Rainfall / Monsoon",
        "fatalities": 0
      }
    },
    {
      "type": "Feature",
      "geometry": {
        "type": "Point",
        "coordinates": [
          95.81119553,
          26.93276031
        ]
      },
      "properties": {
        "event_id": "12312",
        "event_date": "1970/01/01 00:00:00+00",
        "country_name": "India",
        "state_name": "NER",
        "landslide_category": "Landslide / Debris flow",
        "trigger": "Rainfall / Monsoon",
        "fatalities": 0
      }
    },
    {
      "type": "Feature",
      "geometry": {
        "type": "Point",
        "coordinates": [
          93.77713103,
          21.24629541
        ]
      },
      "properties": {
        "event_id": "12528",
        "event_date": "1970/01/01 00:00:00+00",
        "country_name": "India",
        "state_name": "NER",
        "landslide_category": "Landslide / Debris flow",
        "trigger": "Rainfall / Monsoon",
        "fatalities": 0
      }
    },
    {
      "type": "Feature",
      "geometry": {
        "type": "Point",
        "coordinates": [
          93.7837668,
          21.21052795
        ]
      },
      "properties": {
        "event_id": "12549",
        "event_date": "1970/01/01 00:00:00+00",
        "country_name": "India",
        "state_name": "NER",
        "landslide_category": "Landslide / Debris flow",
        "trigger": "Rainfall / Monsoon",
        "fatalities": 0
      }
    },
    {
      "type": "Feature",
      "geometry": {
        "type": "Point",
        "coordinates": [
          93.75186429,
          21.26021209
        ]
      },
      "properties": {
        "event_id": "12569",
        "event_date": "1970/01/01 00:00:00+00",
        "country_name": "India",
        "state_name": "NER",
        "landslide_category": "Landslide / Debris flow",
        "trigger": "Rainfall / Monsoon",
        "fatalities": 0
      }
    },
    {
      "type": "Feature",
      "geometry": {
        "type": "Point",
        "coordinates": [
          93.487,
          24.9037
        ]
      },
      "properties": {
        "event_id": "5430",
        "event_date": "2013/09/01 00:00:00+00",
        "country_name": "India",
        "state_name": "NER",
        "landslide_category": "Landslide / Debris flow",
        "trigger": "Rainfall / Monsoon",
        "fatalities": 0
      }
    },
    {
      "type": "Feature",
      "geometry": {
        "type": "Point",
        "coordinates": [
          94.1318,
          25.7902
        ]
      },
      "properties": {
        "event_id": "8901",
        "event_date": "2016/07/10 00:00:00+00",
        "country_name": "India",
        "state_name": "NER",
        "landslide_category": "Landslide / Debris flow",
        "trigger": "Rainfall / Monsoon",
        "fatalities": 0
      }
    },
    {
      "type": "Feature",
      "geometry": {
        "type": "Point",
        "coordinates": [
          94.9731,
          26.4205
        ]
      },
      "properties": {
        "event_id": "5337",
        "event_date": "2013/08/16 00:00:00+00",
        "country_name": "India",
        "state_name": "NER",
        "landslide_category": "Landslide / Debris flow",
        "trigger": "Rainfall / Monsoon",
        "fatalities": 0
      }
    },
    {
      "type": "Feature",
      "geometry": {
        "type": "Point",
        "coordinates": [
          91.7645,
          26.1407
        ]
      },
      "properties": {
        "event_id": "6106",
        "event_date": "2014/06/26 00:00:00+00",
        "country_name": "India",
        "state_name": "NER",
        "landslide_category": "Landslide / Debris flow",
        "trigger": "Rainfall / Monsoon",
        "fatalities": 0
      }
    },
    {
      "type": "Feature",
      "geometry": {
        "type": "Point",
        "coordinates": [
          88.2746,
          25.4243
        ]
      },
      "properties": {
        "event_id": "7035",
        "event_date": "2015/06/30 00:00:00+00",
        "country_name": "India",
        "state_name": "NER",
        "landslide_category": "Landslide / Debris flow",
        "trigger": "Rainfall / Monsoon",
        "fatalities": 0
      }
    },
    {
      "type": "Feature",
      "geometry": {
        "type": "Point",
        "coordinates": [
          94.4759,
          24.9111
        ]
      },
      "properties": {
        "event_id": "7373",
        "event_date": "2015/08/01 00:00:00+00",
        "country_name": "India",
        "state_name": "NER",
        "landslide_category": "Landslide / Debris flow",
        "trigger": "Rainfall / Monsoon",
        "fatalities": 0
      }
    },
    {
      "type": "Feature",
      "geometry": {
        "type": "Point",
        "coordinates": [
          96.9262,
          27.8835
        ]
      },
      "properties": {
        "event_id": "7887",
        "event_date": "2015/08/16 00:00:00+00",
        "country_name": "India",
        "state_name": "NER",
        "landslide_category": "Landslide / Debris flow",
        "trigger": "Rainfall / Monsoon",
        "fatalities": 0
      }
    },
    {
      "type": "Feature",
      "geometry": {
        "type": "Point",
        "coordinates": [
          92.8112,
          23.4495
        ]
      },
      "properties": {
        "event_id": "7972",
        "event_date": "2015/08/28 00:00:00+00",
        "country_name": "India",
        "state_name": "NER",
        "landslide_category": "Landslide / Debris flow",
        "trigger": "Rainfall / Monsoon",
        "fatalities": 0
      }
    },
    {
      "type": "Feature",
      "geometry": {
        "type": "Point",
        "coordinates": [
          88.526,
          26.8096
        ]
      },
      "properties": {
        "event_id": "94",
        "event_date": "2007/06/15 00:00:00+00",
        "country_name": "India",
        "state_name": "NER",
        "landslide_category": "Landslide / Debris flow",
        "trigger": "Rainfall / Monsoon",
        "fatalities": 0
      }
    },
    {
      "type": "Feature",
      "geometry": {
        "type": "Point",
        "coordinates": [
          94.1139,
          25.6269
        ]
      },
      "properties": {
        "event_id": "5107",
        "event_date": "2013/07/15 00:00:00+00",
        "country_name": "India",
        "state_name": "NER",
        "landslide_category": "Landslide / Debris flow",
        "trigger": "Rainfall / Monsoon",
        "fatalities": 0
      }
    },
    {
      "type": "Feature",
      "geometry": {
        "type": "Point",
        "coordinates": [
          93.4341,
          24.7625
        ]
      },
      "properties": {
        "event_id": "5343",
        "event_date": "2013/08/17 00:00:00+00",
        "country_name": "India",
        "state_name": "NER",
        "landslide_category": "Landslide / Debris flow",
        "trigger": "Rainfall / Monsoon",
        "fatalities": 0
      }
    },
    {
      "type": "Feature",
      "geometry": {
        "type": "Point",
        "coordinates": [
          91.7333,
          24.3083
        ]
      },
      "properties": {
        "event_id": "1027",
        "event_date": "2009/05/18 00:00:00+00",
        "country_name": "India",
        "state_name": "NER",
        "landslide_category": "Landslide / Debris flow",
        "trigger": "Rainfall / Monsoon",
        "fatalities": 0
      }
    },
    {
      "type": "Feature",
      "geometry": {
        "type": "Point",
        "coordinates": [
          94.5466,
          26.0319
        ]
      },
      "properties": {
        "event_id": "6990",
        "event_date": "2015/06/24 00:00:00+00",
        "country_name": "India",
        "state_name": "NER",
        "landslide_category": "Landslide / Debris flow",
        "trigger": "Rainfall / Monsoon",
        "fatalities": 0
      }
    },
    {
      "type": "Feature",
      "geometry": {
        "type": "Point",
        "coordinates": [
          94.2442,
          26.1677
        ]
      },
      "properties": {
        "event_id": "9169",
        "event_date": "2016/06/12 00:00:00+00",
        "country_name": "India",
        "state_name": "NER",
        "landslide_category": "Landslide / Debris flow",
        "trigger": "Rainfall / Monsoon",
        "fatalities": 0
      }
    },
    {
      "type": "Feature",
      "geometry": {
        "type": "Point",
        "coordinates": [
          95.86,
          28.4659
        ]
      },
      "properties": {
        "event_id": "4313",
        "event_date": "2012/04/08 00:00:00+00",
        "country_name": "India",
        "state_name": "NER",
        "landslide_category": "Landslide / Debris flow",
        "trigger": "Rainfall / Monsoon",
        "fatalities": 0
      }
    },
    {
      "type": "Feature",
      "geometry": {
        "type": "Point",
        "coordinates": [
          92.7463,
          23.7327
        ]
      },
      "properties": {
        "event_id": "6143",
        "event_date": "2014/07/14 00:00:00+00",
        "country_name": "India",
        "state_name": "NER",
        "landslide_category": "Landslide / Debris flow",
        "trigger": "Rainfall / Monsoon",
        "fatalities": 0
      }
    },
    {
      "type": "Feature",
      "geometry": {
        "type": "Point",
        "coordinates": [
          94.1351,
          25.4769
        ]
      },
      "properties": {
        "event_id": "2566",
        "event_date": "2010/10/08 00:00:00+00",
        "country_name": "India",
        "state_name": "NER",
        "landslide_category": "Landslide / Debris flow",
        "trigger": "Rainfall / Monsoon",
        "fatalities": 0
      }
    },
    {
      "type": "Feature",
      "geometry": {
        "type": "Point",
        "coordinates": [
          94.25,
          27.8776
        ]
      },
      "properties": {
        "event_id": "4892",
        "event_date": "2013/06/01 00:00:00+00",
        "country_name": "India",
        "state_name": "NER",
        "landslide_category": "Landslide / Debris flow",
        "trigger": "Rainfall / Monsoon",
        "fatalities": 0
      }
    },
    {
      "type": "Feature",
      "geometry": {
        "type": "Point",
        "coordinates": [
          94.9731,
          26.4205
        ]
      },
      "properties": {
        "event_id": "5421",
        "event_date": "2013/08/30 00:00:00+00",
        "country_name": "India",
        "state_name": "NER",
        "landslide_category": "Landslide / Debris flow",
        "trigger": "Rainfall / Monsoon",
        "fatalities": 0
      }
    },
    {
      "type": "Feature",
      "geometry": {
        "type": "Point",
        "coordinates": [
          93.4251,
          24.7459
        ]
      },
      "properties": {
        "event_id": "7664",
        "event_date": "2015/08/11 00:00:00+00",
        "country_name": "India",
        "state_name": "NER",
        "landslide_category": "Landslide / Debris flow",
        "trigger": "Rainfall / Monsoon",
        "fatalities": 0
      }
    },
    {
      "type": "Feature",
      "geometry": {
        "type": "Point",
        "coordinates": [
          92.71495623,
          23.72988966
        ]
      },
      "properties": {
        "event_id": "2420",
        "event_date": "2010/09/13 00:00:00+00",
        "country_name": "India",
        "state_name": "NER",
        "landslide_category": "Landslide / Debris flow",
        "trigger": "Rainfall / Monsoon",
        "fatalities": 0
      }
    },
    {
      "type": "Feature",
      "geometry": {
        "type": "Point",
        "coordinates": [
          90.9352,
          29.4903
        ]
      },
      "properties": {
        "event_id": "4347",
        "event_date": "2012/05/03 00:00:00+00",
        "country_name": "India",
        "state_name": "NER",
        "landslide_category": "Landslide / Debris flow",
        "trigger": "Rainfall / Monsoon",
        "fatalities": 0
      }
    },
    {
      "type": "Feature",
      "geometry": {
        "type": "Point",
        "coordinates": [
          92.7265,
          23.7269
        ]
      },
      "properties": {
        "event_id": "7837",
        "event_date": "2015/08/27 00:00:00+00",
        "country_name": "India",
        "state_name": "NER",
        "landslide_category": "Landslide / Debris flow",
        "trigger": "Rainfall / Monsoon",
        "fatalities": 0
      }
    },
    {
      "type": "Feature",
      "geometry": {
        "type": "Point",
        "coordinates": [
          91.802,
          26.1966
        ]
      },
      "properties": {
        "event_id": "9122",
        "event_date": "2016/07/20 00:00:00+00",
        "country_name": "India",
        "state_name": "NER",
        "landslide_category": "Landslide / Debris flow",
        "trigger": "Rainfall / Monsoon",
        "fatalities": 0
      }
    },
    {
      "type": "Feature",
      "geometry": {
        "type": "Point",
        "coordinates": [
          88.482,
          27.0771
        ]
      },
      "properties": {
        "event_id": "620",
        "event_date": "2008/06/30 00:00:00+00",
        "country_name": "India",
        "state_name": "NER",
        "landslide_category": "Landslide / Debris flow",
        "trigger": "Rainfall / Monsoon",
        "fatalities": 0
      }
    },
    {
      "type": "Feature",
      "geometry": {
        "type": "Point",
        "coordinates": [
          93.60462417,
          22.51654134
        ]
      },
      "properties": {
        "event_id": "11974",
        "event_date": "1970/01/01 00:00:00+00",
        "country_name": "India",
        "state_name": "NER",
        "landslide_category": "Landslide / Debris flow",
        "trigger": "Rainfall / Monsoon",
        "fatalities": 0
      }
    },
    {
      "type": "Feature",
      "geometry": {
        "type": "Point",
        "coordinates": [
          97.45916956,
          25.70067213
        ]
      },
      "properties": {
        "event_id": "12080",
        "event_date": "1970/01/01 00:00:00+00",
        "country_name": "India",
        "state_name": "NER",
        "landslide_category": "Landslide / Debris flow",
        "trigger": "Rainfall / Monsoon",
        "fatalities": 0
      }
    },
    {
      "type": "Feature",
      "geometry": {
        "type": "Point",
        "coordinates": [
          97.4478523,
          25.6927645
        ]
      },
      "properties": {
        "event_id": "12090",
        "event_date": "1970/01/01 00:00:00+00",
        "country_name": "India",
        "state_name": "NER",
        "landslide_category": "Landslide / Debris flow",
        "trigger": "Rainfall / Monsoon",
        "fatalities": 0
      }
    },
    {
      "type": "Feature",
      "geometry": {
        "type": "Point",
        "coordinates": [
          94.9275,
          26.8727
        ]
      },
      "properties": {
        "event_id": "5338",
        "event_date": "2013/08/16 00:00:00+00",
        "country_name": "India",
        "state_name": "NER",
        "landslide_category": "Landslide / Debris flow",
        "trigger": "Rainfall / Monsoon",
        "fatalities": 0
      }
    },
    {
      "type": "Feature",
      "geometry": {
        "type": "Point",
        "coordinates": [
          92.0076,
          21.443
        ]
      },
      "properties": {
        "event_id": "4598",
        "event_date": "2012/10/30 00:00:00+00",
        "country_name": "India",
        "state_name": "NER",
        "landslide_category": "Landslide / Debris flow",
        "trigger": "Rainfall / Monsoon",
        "fatalities": 0
      }
    },
    {
      "type": "Feature",
      "geometry": {
        "type": "Point",
        "coordinates": [
          92.0082,
          21.4384
        ]
      },
      "properties": {
        "event_id": "1972",
        "event_date": "2010/06/15 00:00:00+00",
        "country_name": "India",
        "state_name": "NER",
        "landslide_category": "Landslide / Debris flow",
        "trigger": "Rainfall / Monsoon",
        "fatalities": 0
      }
    },
    {
      "type": "Feature",
      "geometry": {
        "type": "Point",
        "coordinates": [
          88.5577,
          27.7167
        ]
      },
      "properties": {
        "event_id": "4385",
        "event_date": "2012/06/03 00:00:00+00",
        "country_name": "India",
        "state_name": "NER",
        "landslide_category": "Landslide / Debris flow",
        "trigger": "Rainfall / Monsoon",
        "fatalities": 0
      }
    },
    {
      "type": "Feature",
      "geometry": {
        "type": "Point",
        "coordinates": [
          91.752,
          27.5523
        ]
      },
      "properties": {
        "event_id": "9428",
        "event_date": "2016/04/22 00:00:00+00",
        "country_name": "India",
        "state_name": "NER",
        "landslide_category": "Landslide / Debris flow",
        "trigger": "Rainfall / Monsoon",
        "fatalities": 0
      }
    },
    {
      "type": "Feature",
      "geometry": {
        "type": "Point",
        "coordinates": [
          94.6279,
          25.9466
        ]
      },
      "properties": {
        "event_id": "6331",
        "event_date": "2014/09/08 00:00:00+00",
        "country_name": "India",
        "state_name": "NER",
        "landslide_category": "Landslide / Debris flow",
        "trigger": "Rainfall / Monsoon",
        "fatalities": 0
      }
    },
    {
      "type": "Feature",
      "geometry": {
        "type": "Point",
        "coordinates": [
          93.1658,
          25.2269
        ]
      },
      "properties": {
        "event_id": "1987",
        "event_date": "2010/06/15 00:00:00+00",
        "country_name": "India",
        "state_name": "NER",
        "landslide_category": "Landslide / Debris flow",
        "trigger": "Rainfall / Monsoon",
        "fatalities": 0
      }
    },
    {
      "type": "Feature",
      "geometry": {
        "type": "Point",
        "coordinates": [
          91.6469,
          26.1468
        ]
      },
      "properties": {
        "event_id": "6775",
        "event_date": "2015/02/14 00:00:00+00",
        "country_name": "India",
        "state_name": "NER",
        "landslide_category": "Landslide / Debris flow",
        "trigger": "Rainfall / Monsoon",
        "fatalities": 0
      }
    },
    {
      "type": "Feature",
      "geometry": {
        "type": "Point",
        "coordinates": [
          92.1414,
          21.0853
        ]
      },
      "properties": {
        "event_id": "7001",
        "event_date": "2015/06/27 00:00:00+00",
        "country_name": "India",
        "state_name": "NER",
        "landslide_category": "Landslide / Debris flow",
        "trigger": "Rainfall / Monsoon",
        "fatalities": 0
      }
    },
    {
      "type": "Feature",
      "geometry": {
        "type": "Point",
        "coordinates": [
          91.6906,
          26.1016
        ]
      },
      "properties": {
        "event_id": "4860",
        "event_date": "2013/05/11 00:00:00+00",
        "country_name": "India",
        "state_name": "NER",
        "landslide_category": "Landslide / Debris flow",
        "trigger": "Rainfall / Monsoon",
        "fatalities": 0
      }
    },
    {
      "type": "Feature",
      "geometry": {
        "type": "Point",
        "coordinates": [
          88.4451,
          27.4885
        ]
      },
      "properties": {
        "event_id": "3619",
        "event_date": "2011/06/17 00:00:00+00",
        "country_name": "India",
        "state_name": "NER",
        "landslide_category": "Landslide / Debris flow",
        "trigger": "Rainfall / Monsoon",
        "fatalities": 0
      }
    },
    {
      "type": "Feature",
      "geometry": {
        "type": "Point",
        "coordinates": [
          93.51825,
          24.82767572
        ]
      },
      "properties": {
        "event_id": "11149",
        "event_date": "2017/07/09 00:00:00+00",
        "country_name": "India",
        "state_name": "NER",
        "landslide_category": "Landslide / Debris flow",
        "trigger": "Rainfall / Monsoon",
        "fatalities": 0
      }
    },
    {
      "type": "Feature",
      "geometry": {
        "type": "Point",
        "coordinates": [
          92.7094701,
          25.61919207
        ]
      },
      "properties": {
        "event_id": "10975",
        "event_date": "2017/04/29 00:00:00+00",
        "country_name": "India",
        "state_name": "NER",
        "landslide_category": "Landslide / Debris flow",
        "trigger": "Rainfall / Monsoon",
        "fatalities": 0
      }
    },
    {
      "type": "Feature",
      "geometry": {
        "type": "Point",
        "coordinates": [
          91.772042,
          26.181606
        ]
      },
      "properties": {
        "event_id": "10973",
        "event_date": "2016/12/15 00:00:00+00",
        "country_name": "India",
        "state_name": "NER",
        "landslide_category": "Landslide / Debris flow",
        "trigger": "Rainfall / Monsoon",
        "fatalities": 0
      }
    },
    {
      "type": "Feature",
      "geometry": {
        "type": "Point",
        "coordinates": [
          96.29088565,
          25.62180638
        ]
      },
      "properties": {
        "event_id": "11408",
        "event_date": "2018/05/04 00:00:00+00",
        "country_name": "India",
        "state_name": "NER",
        "landslide_category": "Landslide / Debris flow",
        "trigger": "Rainfall / Monsoon",
        "fatalities": 0
      }
    },
    {
      "type": "Feature",
      "geometry": {
        "type": "Point",
        "coordinates": [
          93.53110808,
          22.87692523
        ]
      },
      "properties": {
        "event_id": "11585",
        "event_date": "1970/01/01 00:00:00+00",
        "country_name": "India",
        "state_name": "NER",
        "landslide_category": "Landslide / Debris flow",
        "trigger": "Rainfall / Monsoon",
        "fatalities": 0
      }
    },
    {
      "type": "Feature",
      "geometry": {
        "type": "Point",
        "coordinates": [
          94.30838822,
          23.43271033
        ]
      },
      "properties": {
        "event_id": "11605",
        "event_date": "1970/01/01 00:00:00+00",
        "country_name": "India",
        "state_name": "NER",
        "landslide_category": "Landslide / Debris flow",
        "trigger": "Rainfall / Monsoon",
        "fatalities": 0
      }
    },
    {
      "type": "Feature",
      "geometry": {
        "type": "Point",
        "coordinates": [
          88.2788,
          26.8826
        ]
      },
      "properties": {
        "event_id": "1055",
        "event_date": "2009/07/22 00:00:00+00",
        "country_name": "India",
        "state_name": "NER",
        "landslide_category": "Landslide / Debris flow",
        "trigger": "Rainfall / Monsoon",
        "fatalities": 0
      }
    },
    {
      "type": "Feature",
      "geometry": {
        "type": "Point",
        "coordinates": [
          88.5294,
          27.1758
        ]
      },
      "properties": {
        "event_id": "9215",
        "event_date": "2016/01/14 00:00:00+00",
        "country_name": "India",
        "state_name": "NER",
        "landslide_category": "Landslide / Debris flow",
        "trigger": "Rainfall / Monsoon",
        "fatalities": 0
      }
    },
    {
      "type": "Feature",
      "geometry": {
        "type": "Point",
        "coordinates": [
          91.8949662,
          23.86469956
        ]
      },
      "properties": {
        "event_id": "9733",
        "event_date": "2017/06/03 00:00:00+00",
        "country_name": "India",
        "state_name": "NER",
        "landslide_category": "Landslide / Debris flow",
        "trigger": "Rainfall / Monsoon",
        "fatalities": 0
      }
    },
    {
      "type": "Feature",
      "geometry": {
        "type": "Point",
        "coordinates": [
          92.9914,
          25.5242
        ]
      },
      "properties": {
        "event_id": "2575",
        "event_date": "2010/10/09 00:00:00+00",
        "country_name": "India",
        "state_name": "NER",
        "landslide_category": "Landslide / Debris flow",
        "trigger": "Rainfall / Monsoon",
        "fatalities": 0
      }
    },
    {
      "type": "Feature",
      "geometry": {
        "type": "Point",
        "coordinates": [
          93.9157,
          24.6869
        ]
      },
      "properties": {
        "event_id": "3840",
        "event_date": "2011/07/25 00:00:00+00",
        "country_name": "India",
        "state_name": "NER",
        "landslide_category": "Landslide / Debris flow",
        "trigger": "Rainfall / Monsoon",
        "fatalities": 0
      }
    },
    {
      "type": "Feature",
      "geometry": {
        "type": "Point",
        "coordinates": [
          89.5187916,
          27.21898773
        ]
      },
      "properties": {
        "event_id": "9681",
        "event_date": "2010/05/21 00:00:00+00",
        "country_name": "India",
        "state_name": "NER",
        "landslide_category": "Landslide / Debris flow",
        "trigger": "Rainfall / Monsoon",
        "fatalities": 0
      }
    },
    {
      "type": "Feature",
      "geometry": {
        "type": "Point",
        "coordinates": [
          94.7499,
          26.0977
        ]
      },
      "properties": {
        "event_id": "4906",
        "event_date": "2013/06/07 00:00:00+00",
        "country_name": "India",
        "state_name": "NER",
        "landslide_category": "Landslide / Debris flow",
        "trigger": "Rainfall / Monsoon",
        "fatalities": 0
      }
    },
    {
      "type": "Feature",
      "geometry": {
        "type": "Point",
        "coordinates": [
          88.1704,
          26.8861
        ]
      },
      "properties": {
        "event_id": "9603",
        "event_date": "2016/10/12 00:00:00+00",
        "country_name": "India",
        "state_name": "NER",
        "landslide_category": "Landslide / Debris flow",
        "trigger": "Rainfall / Monsoon",
        "fatalities": 0
      }
    },
    {
      "type": "Feature",
      "geometry": {
        "type": "Point",
        "coordinates": [
          91.86227824,
          26.10430759
        ]
      },
      "properties": {
        "event_id": "9952",
        "event_date": "2017/07/03 00:00:00+00",
        "country_name": "India",
        "state_name": "NER",
        "landslide_category": "Landslide / Debris flow",
        "trigger": "Rainfall / Monsoon",
        "fatalities": 0
      }
    },
    {
      "type": "Feature",
      "geometry": {
        "type": "Point",
        "coordinates": [
          94.26296826,
          27.97875751
        ]
      },
      "properties": {
        "event_id": "9993",
        "event_date": "2017/07/04 00:00:00+00",
        "country_name": "India",
        "state_name": "NER",
        "landslide_category": "Landslide / Debris flow",
        "trigger": "Rainfall / Monsoon",
        "fatalities": 0
      }
    },
    {
      "type": "Feature",
      "geometry": {
        "type": "Point",
        "coordinates": [
          92.15898865,
          22.65242372
        ]
      },
      "properties": {
        "event_id": "9697",
        "event_date": "2017/06/13 00:00:00+00",
        "country_name": "India",
        "state_name": "NER",
        "landslide_category": "Landslide / Debris flow",
        "trigger": "Rainfall / Monsoon",
        "fatalities": 0
      }
    },
    {
      "type": "Feature",
      "geometry": {
        "type": "Point",
        "coordinates": [
          94.36416626,
          25.11956675
        ]
      },
      "properties": {
        "event_id": "9704",
        "event_date": "2017/06/12 00:00:00+00",
        "country_name": "India",
        "state_name": "NER",
        "landslide_category": "Landslide / Debris flow",
        "trigger": "Rainfall / Monsoon",
        "fatalities": 0
      }
    },
    {
      "type": "Feature",
      "geometry": {
        "type": "Point",
        "coordinates": [
          91.8,
          26.1833
        ]
      },
      "properties": {
        "event_id": "264",
        "event_date": "2007/09/13 00:00:00+00",
        "country_name": "India",
        "state_name": "NER",
        "landslide_category": "Landslide / Debris flow",
        "trigger": "Rainfall / Monsoon",
        "fatalities": 0
      }
    },
    {
      "type": "Feature",
      "geometry": {
        "type": "Point",
        "coordinates": [
          94.11603493,
          25.61560252
        ]
      },
      "properties": {
        "event_id": "2281",
        "event_date": "2010/08/19 00:00:00+00",
        "country_name": "India",
        "state_name": "NER",
        "landslide_category": "Landslide / Debris flow",
        "trigger": "Rainfall / Monsoon",
        "fatalities": 0
      }
    },
    {
      "type": "Feature",
      "geometry": {
        "type": "Point",
        "coordinates": [
          88.363,
          26.7914
        ]
      },
      "properties": {
        "event_id": "1089",
        "event_date": "2009/08/16 00:00:00+00",
        "country_name": "India",
        "state_name": "NER",
        "landslide_category": "Landslide / Debris flow",
        "trigger": "Rainfall / Monsoon",
        "fatalities": 0
      }
    },
    {
      "type": "Feature",
      "geometry": {
        "type": "Point",
        "coordinates": [
          88.2627,
          27.0375
        ]
      },
      "properties": {
        "event_id": "2214",
        "event_date": "2010/08/06 00:00:00+00",
        "country_name": "India",
        "state_name": "NER",
        "landslide_category": "Landslide / Debris flow",
        "trigger": "Rainfall / Monsoon",
        "fatalities": 0
      }
    },
    {
      "type": "Feature",
      "geometry": {
        "type": "Point",
        "coordinates": [
          94.6654,
          26.2753
        ]
      },
      "properties": {
        "event_id": "2263",
        "event_date": "2010/08/17 00:00:00+00",
        "country_name": "India",
        "state_name": "NER",
        "landslide_category": "Landslide / Debris flow",
        "trigger": "Rainfall / Monsoon",
        "fatalities": 0
      }
    },
    {
      "type": "Feature",
      "geometry": {
        "type": "Point",
        "coordinates": [
          94.9612,
          28.235
        ]
      },
      "properties": {
        "event_id": "9087",
        "event_date": "2016/07/19 00:00:00+00",
        "country_name": "India",
        "state_name": "NER",
        "landslide_category": "Landslide / Debris flow",
        "trigger": "Rainfall / Monsoon",
        "fatalities": 0
      }
    },
    {
      "type": "Feature",
      "geometry": {
        "type": "Point",
        "coordinates": [
          88.26522126,
          27.04357147
        ]
      },
      "properties": {
        "event_id": "1030",
        "event_date": "2009/05/26 00:00:00+00",
        "country_name": "India",
        "state_name": "NER",
        "landslide_category": "Landslide / Debris flow",
        "trigger": "Rainfall / Monsoon",
        "fatalities": 0
      }
    },
    {
      "type": "Feature",
      "geometry": {
        "type": "Point",
        "coordinates": [
          94.3864,
          26.1147
        ]
      },
      "properties": {
        "event_id": "5006",
        "event_date": "2013/07/01 00:00:00+00",
        "country_name": "India",
        "state_name": "NER",
        "landslide_category": "Landslide / Debris flow",
        "trigger": "Rainfall / Monsoon",
        "fatalities": 0
      }
    },
    {
      "type": "Feature",
      "geometry": {
        "type": "Point",
        "coordinates": [
          97.43533044,
          25.66416605
        ]
      },
      "properties": {
        "event_id": "12100",
        "event_date": "1970/01/01 00:00:00+00",
        "country_name": "India",
        "state_name": "NER",
        "landslide_category": "Landslide / Debris flow",
        "trigger": "Rainfall / Monsoon",
        "fatalities": 0
      }
    },
    {
      "type": "Feature",
      "geometry": {
        "type": "Point",
        "coordinates": [
          97.43588507,
          25.66839191
        ]
      },
      "properties": {
        "event_id": "12105",
        "event_date": "1970/01/01 00:00:00+00",
        "country_name": "India",
        "state_name": "NER",
        "landslide_category": "Landslide / Debris flow",
        "trigger": "Rainfall / Monsoon",
        "fatalities": 0
      }
    },
    {
      "type": "Feature",
      "geometry": {
        "type": "Point",
        "coordinates": [
          97.45308611,
          25.67816667
        ]
      },
      "properties": {
        "event_id": "12125",
        "event_date": "1970/01/01 00:00:00+00",
        "country_name": "India",
        "state_name": "NER",
        "landslide_category": "Landslide / Debris flow",
        "trigger": "Rainfall / Monsoon",
        "fatalities": 0
      }
    },
    {
      "type": "Feature",
      "geometry": {
        "type": "Point",
        "coordinates": [
          94.00291275,
          21.1927476
        ]
      },
      "properties": {
        "event_id": "12133",
        "event_date": "1970/01/01 00:00:00+00",
        "country_name": "India",
        "state_name": "NER",
        "landslide_category": "Landslide / Debris flow",
        "trigger": "Rainfall / Monsoon",
        "fatalities": 0
      }
    },
    {
      "type": "Feature",
      "geometry": {
        "type": "Point",
        "coordinates": [
          93.97157636,
          21.20444891
        ]
      },
      "properties": {
        "event_id": "12141",
        "event_date": "1970/01/01 00:00:00+00",
        "country_name": "India",
        "state_name": "NER",
        "landslide_category": "Landslide / Debris flow",
        "trigger": "Rainfall / Monsoon",
        "fatalities": 0
      }
    },
    {
      "type": "Feature",
      "geometry": {
        "type": "Point",
        "coordinates": [
          93.93022356,
          21.19556218
        ]
      },
      "properties": {
        "event_id": "12144",
        "event_date": "1970/01/01 00:00:00+00",
        "country_name": "India",
        "state_name": "NER",
        "landslide_category": "Landslide / Debris flow",
        "trigger": "Rainfall / Monsoon",
        "fatalities": 0
      }
    },
    {
      "type": "Feature",
      "geometry": {
        "type": "Point",
        "coordinates": [
          97.17963872,
          26.0499233
        ]
      },
      "properties": {
        "event_id": "12286",
        "event_date": "1970/01/01 00:00:00+00",
        "country_name": "India",
        "state_name": "NER",
        "landslide_category": "Landslide / Debris flow",
        "trigger": "Rainfall / Monsoon",
        "fatalities": 0
      }
    },
    {
      "type": "Feature",
      "geometry": {
        "type": "Point",
        "coordinates": [
          97.63885695,
          26.13002101
        ]
      },
      "properties": {
        "event_id": "12303",
        "event_date": "1970/01/01 00:00:00+00",
        "country_name": "India",
        "state_name": "NER",
        "landslide_category": "Landslide / Debris flow",
        "trigger": "Rainfall / Monsoon",
        "fatalities": 0
      }
    },
    {
      "type": "Feature",
      "geometry": {
        "type": "Point",
        "coordinates": [
          97.63886009,
          26.13285717
        ]
      },
      "properties": {
        "event_id": "12305",
        "event_date": "1970/01/01 00:00:00+00",
        "country_name": "India",
        "state_name": "NER",
        "landslide_category": "Landslide / Debris flow",
        "trigger": "Rainfall / Monsoon",
        "fatalities": 0
      }
    },
    {
      "type": "Feature",
      "geometry": {
        "type": "Point",
        "coordinates": [
          95.90101574,
          26.98188843
        ]
      },
      "properties": {
        "event_id": "12308",
        "event_date": "1970/01/01 00:00:00+00",
        "country_name": "India",
        "state_name": "NER",
        "landslide_category": "Landslide / Debris flow",
        "trigger": "Rainfall / Monsoon",
        "fatalities": 0
      }
    },
    {
      "type": "Feature",
      "geometry": {
        "type": "Point",
        "coordinates": [
          95.79823621,
          26.96465199
        ]
      },
      "properties": {
        "event_id": "12311",
        "event_date": "1970/01/01 00:00:00+00",
        "country_name": "India",
        "state_name": "NER",
        "landslide_category": "Landslide / Debris flow",
        "trigger": "Rainfall / Monsoon",
        "fatalities": 0
      }
    },
    {
      "type": "Feature",
      "geometry": {
        "type": "Point",
        "coordinates": [
          93.76715473,
          21.21062201
        ]
      },
      "properties": {
        "event_id": "12540",
        "event_date": "1970/01/01 00:00:00+00",
        "country_name": "India",
        "state_name": "NER",
        "landslide_category": "Landslide / Debris flow",
        "trigger": "Rainfall / Monsoon",
        "fatalities": 0
      }
    },
    {
      "type": "Feature",
      "geometry": {
        "type": "Point",
        "coordinates": [
          93.74283887,
          21.26665586
        ]
      },
      "properties": {
        "event_id": "12570",
        "event_date": "1970/01/01 00:00:00+00",
        "country_name": "India",
        "state_name": "NER",
        "landslide_category": "Landslide / Debris flow",
        "trigger": "Rainfall / Monsoon",
        "fatalities": 0
      }
    },
    {
      "type": "Feature",
      "geometry": {
        "type": "Point",
        "coordinates": [
          94.01914123,
          25.26049558
        ]
      },
      "properties": {
        "event_id": "12715",
        "event_date": "2017/08/26 00:00:00+00",
        "country_name": "India",
        "state_name": "NER",
        "landslide_category": "Landslide / Debris flow",
        "trigger": "Rainfall / Monsoon",
        "fatalities": 0
      }
    },
    {
      "type": "Feature",
      "geometry": {
        "type": "Point",
        "coordinates": [
          92.2217,
          22.202
        ]
      },
      "properties": {
        "event_id": "6753",
        "event_date": "2015/02/08 00:00:00+00",
        "country_name": "India",
        "state_name": "NER",
        "landslide_category": "Landslide / Debris flow",
        "trigger": "Rainfall / Monsoon",
        "fatalities": 0
      }
    },
    {
      "type": "Feature",
      "geometry": {
        "type": "Point",
        "coordinates": [
          93.9854,
          25.5007
        ]
      },
      "properties": {
        "event_id": "7265",
        "event_date": "2015/07/22 00:00:00+00",
        "country_name": "India",
        "state_name": "NER",
        "landslide_category": "Landslide / Debris flow",
        "trigger": "Rainfall / Monsoon",
        "fatalities": 0
      }
    },
    {
      "type": "Feature",
      "geometry": {
        "type": "Point",
        "coordinates": [
          91.8666,
          25.5772
        ]
      },
      "properties": {
        "event_id": "6290",
        "event_date": "2014/09/23 00:00:00+00",
        "country_name": "India",
        "state_name": "NER",
        "landslide_category": "Landslide / Debris flow",
        "trigger": "Rainfall / Monsoon",
        "fatalities": 0
      }
    },
    {
      "type": "Feature",
      "geometry": {
        "type": "Point",
        "coordinates": [
          92.694,
          23.7527
        ]
      },
      "properties": {
        "event_id": "2437",
        "event_date": "2010/09/16 00:00:00+00",
        "country_name": "India",
        "state_name": "NER",
        "landslide_category": "Landslide / Debris flow",
        "trigger": "Rainfall / Monsoon",
        "fatalities": 0
      }
    },
    {
      "type": "Feature",
      "geometry": {
        "type": "Point",
        "coordinates": [
          94.0573,
          23.9939
        ]
      },
      "properties": {
        "event_id": "7371",
        "event_date": "2015/08/01 00:00:00+00",
        "country_name": "India",
        "state_name": "NER",
        "landslide_category": "Landslide / Debris flow",
        "trigger": "Rainfall / Monsoon",
        "fatalities": 0
      }
    },
    {
      "type": "Feature",
      "geometry": {
        "type": "Point",
        "coordinates": [
          94.4182,
          24.8628
        ]
      },
      "properties": {
        "event_id": "1129",
        "event_date": "2009/08/30 00:00:00+00",
        "country_name": "India",
        "state_name": "NER",
        "landslide_category": "Landslide / Debris flow",
        "trigger": "Rainfall / Monsoon",
        "fatalities": 0
      }
    },
    {
      "type": "Feature",
      "geometry": {
        "type": "Point",
        "coordinates": [
          91.1549,
          29.6699
        ]
      },
      "properties": {
        "event_id": "4791",
        "event_date": "2013/03/29 00:00:00+00",
        "country_name": "India",
        "state_name": "NER",
        "landslide_category": "Landslide / Debris flow",
        "trigger": "Rainfall / Monsoon",
        "fatalities": 0
      }
    },
    {
      "type": "Feature",
      "geometry": {
        "type": "Point",
        "coordinates": [
          92.2833,
          27.44
        ]
      },
      "properties": {
        "event_id": "3912",
        "event_date": "2011/08/12 00:00:00+00",
        "country_name": "India",
        "state_name": "NER",
        "landslide_category": "Landslide / Debris flow",
        "trigger": "Rainfall / Monsoon",
        "fatalities": 0
      }
    },
    {
      "type": "Feature",
      "geometry": {
        "type": "Point",
        "coordinates": [
          92.71060943,
          23.73504471
        ]
      },
      "properties": {
        "event_id": "2423",
        "event_date": "2010/09/13 00:00:00+00",
        "country_name": "India",
        "state_name": "NER",
        "landslide_category": "Landslide / Debris flow",
        "trigger": "Rainfall / Monsoon",
        "fatalities": 0
      }
    },
    {
      "type": "Feature",
      "geometry": {
        "type": "Point",
        "coordinates": [
          91.96737514,
          21.47819035
        ]
      },
      "properties": {
        "event_id": "7924",
        "event_date": "2015/09/01 00:00:00+00",
        "country_name": "India",
        "state_name": "NER",
        "landslide_category": "Landslide / Debris flow",
        "trigger": "Rainfall / Monsoon",
        "fatalities": 0
      }
    },
    {
      "type": "Feature",
      "geometry": {
        "type": "Point",
        "coordinates": [
          88.4572,
          27.0875
        ]
      },
      "properties": {
        "event_id": "274",
        "event_date": "2007/09/20 00:00:00+00",
        "country_name": "India",
        "state_name": "NER",
        "landslide_category": "Landslide / Debris flow",
        "trigger": "Rainfall / Monsoon",
        "fatalities": 0
      }
    },
    {
      "type": "Feature",
      "geometry": {
        "type": "Point",
        "coordinates": [
          92.7187,
          23.7348
        ]
      },
      "properties": {
        "event_id": "8223",
        "event_date": "2015/09/14 00:00:00+00",
        "country_name": "India",
        "state_name": "NER",
        "landslide_category": "Landslide / Debris flow",
        "trigger": "Rainfall / Monsoon",
        "fatalities": 0
      }
    },
    {
      "type": "Feature",
      "geometry": {
        "type": "Point",
        "coordinates": [
          88.2791,
          26.8836
        ]
      },
      "properties": {
        "event_id": "1031",
        "event_date": "2009/05/26 00:00:00+00",
        "country_name": "India",
        "state_name": "NER",
        "landslide_category": "Landslide / Debris flow",
        "trigger": "Rainfall / Monsoon",
        "fatalities": 0
      }
    },
    {
      "type": "Feature",
      "geometry": {
        "type": "Point",
        "coordinates": [
          90.5549,
          25.2193
        ]
      },
      "properties": {
        "event_id": "7336",
        "event_date": "2015/08/19 00:00:00+00",
        "country_name": "India",
        "state_name": "NER",
        "landslide_category": "Landslide / Debris flow",
        "trigger": "Rainfall / Monsoon",
        "fatalities": 0
      }
    },
    {
      "type": "Feature",
      "geometry": {
        "type": "Point",
        "coordinates": [
          91.8151,
          22.3521
        ]
      },
      "properties": {
        "event_id": "5218",
        "event_date": "2013/07/28 00:00:00+00",
        "country_name": "India",
        "state_name": "NER",
        "landslide_category": "Landslide / Debris flow",
        "trigger": "Rainfall / Monsoon",
        "fatalities": 0
      }
    },
    {
      "type": "Feature",
      "geometry": {
        "type": "Point",
        "coordinates": [
          93.0153,
          27.4888
        ]
      },
      "properties": {
        "event_id": "3925",
        "event_date": "2011/08/15 00:00:00+00",
        "country_name": "India",
        "state_name": "NER",
        "landslide_category": "Landslide / Debris flow",
        "trigger": "Rainfall / Monsoon",
        "fatalities": 0
      }
    },
    {
      "type": "Feature",
      "geometry": {
        "type": "Point",
        "coordinates": [
          88.559,
          27.3773
        ]
      },
      "properties": {
        "event_id": "2113",
        "event_date": "2010/07/21 00:00:00+00",
        "country_name": "India",
        "state_name": "NER",
        "landslide_category": "Landslide / Debris flow",
        "trigger": "Rainfall / Monsoon",
        "fatalities": 0
      }
    },
    {
      "type": "Feature",
      "geometry": {
        "type": "Point",
        "coordinates": [
          88.7628,
          27.3765
        ]
      },
      "properties": {
        "event_id": "4990",
        "event_date": "2013/06/27 00:00:00+00",
        "country_name": "India",
        "state_name": "NER",
        "landslide_category": "Landslide / Debris flow",
        "trigger": "Rainfall / Monsoon",
        "fatalities": 0
      }
    },
    {
      "type": "Feature",
      "geometry": {
        "type": "Point",
        "coordinates": [
          93.9161,
          24.7339
        ]
      },
      "properties": {
        "event_id": "1596",
        "event_date": "2010/03/27 00:00:00+00",
        "country_name": "India",
        "state_name": "NER",
        "landslide_category": "Landslide / Debris flow",
        "trigger": "Rainfall / Monsoon",
        "fatalities": 0
      }
    },
    {
      "type": "Feature",
      "geometry": {
        "type": "Point",
        "coordinates": [
          94.413,
          29.8246
        ]
      },
      "properties": {
        "event_id": "8964",
        "event_date": "2016/06/18 00:00:00+00",
        "country_name": "India",
        "state_name": "NER",
        "landslide_category": "Landslide / Debris flow",
        "trigger": "Rainfall / Monsoon",
        "fatalities": 0
      }
    },
    {
      "type": "Feature",
      "geometry": {
        "type": "Point",
        "coordinates": [
          94.5224,
          26.0214
        ]
      },
      "properties": {
        "event_id": "7699",
        "event_date": "2015/08/19 00:00:00+00",
        "country_name": "India",
        "state_name": "NER",
        "landslide_category": "Landslide / Debris flow",
        "trigger": "Rainfall / Monsoon",
        "fatalities": 0
      }
    },
    {
      "type": "Feature",
      "geometry": {
        "type": "Point",
        "coordinates": [
          94.108,
          25.4192
        ]
      },
      "properties": {
        "event_id": "3860",
        "event_date": "2011/07/29 00:00:00+00",
        "country_name": "India",
        "state_name": "NER",
        "landslide_category": "Landslide / Debris flow",
        "trigger": "Rainfall / Monsoon",
        "fatalities": 0
      }
    },
    {
      "type": "Feature",
      "geometry": {
        "type": "Point",
        "coordinates": [
          88.2592,
          27.0095
        ]
      },
      "properties": {
        "event_id": "1032",
        "event_date": "2009/05/26 00:00:00+00",
        "country_name": "India",
        "state_name": "NER",
        "landslide_category": "Landslide / Debris flow",
        "trigger": "Rainfall / Monsoon",
        "fatalities": 0
      }
    },
    {
      "type": "Feature",
      "geometry": {
        "type": "Point",
        "coordinates": [
          94.3591,
          25.1122
        ]
      },
      "properties": {
        "event_id": "7374",
        "event_date": "2015/08/01 00:00:00+00",
        "country_name": "India",
        "state_name": "NER",
        "landslide_category": "Landslide / Debris flow",
        "trigger": "Rainfall / Monsoon",
        "fatalities": 0
      }
    },
    {
      "type": "Feature",
      "geometry": {
        "type": "Point",
        "coordinates": [
          96.275,
          25.606
        ]
      },
      "properties": {
        "event_id": "678",
        "event_date": "2008/07/30 00:00:00+00",
        "country_name": "India",
        "state_name": "NER",
        "landslide_category": "Landslide / Debris flow",
        "trigger": "Rainfall / Monsoon",
        "fatalities": 0
      }
    },
    {
      "type": "Feature",
      "geometry": {
        "type": "Point",
        "coordinates": [
          92.7187,
          23.7313
        ]
      },
      "properties": {
        "event_id": "8224",
        "event_date": "2015/09/14 00:00:00+00",
        "country_name": "India",
        "state_name": "NER",
        "landslide_category": "Landslide / Debris flow",
        "trigger": "Rainfall / Monsoon",
        "fatalities": 0
      }
    },
    {
      "type": "Feature",
      "geometry": {
        "type": "Point",
        "coordinates": [
          88.2833,
          26.8833
        ]
      },
      "properties": {
        "event_id": "242",
        "event_date": "2007/09/07 00:00:00+00",
        "country_name": "India",
        "state_name": "NER",
        "landslide_category": "Landslide / Debris flow",
        "trigger": "Rainfall / Monsoon",
        "fatalities": 0
      }
    },
    {
      "type": "Feature",
      "geometry": {
        "type": "Point",
        "coordinates": [
          93.118105,
          25.181453
        ]
      },
      "properties": {
        "event_id": "10980",
        "event_date": "2017/04/04 00:00:00+00",
        "country_name": "India",
        "state_name": "NER",
        "landslide_category": "Landslide / Debris flow",
        "trigger": "Rainfall / Monsoon",
        "fatalities": 0
      }
    },
    {
      "type": "Feature",
      "geometry": {
        "type": "Point",
        "coordinates": [
          91.763689,
          25.092576
        ]
      },
      "properties": {
        "event_id": "10982",
        "event_date": "2017/03/06 00:00:00+00",
        "country_name": "India",
        "state_name": "NER",
        "landslide_category": "Landslide / Debris flow",
        "trigger": "Rainfall / Monsoon",
        "fatalities": 0
      }
    },
    {
      "type": "Feature",
      "geometry": {
        "type": "Point",
        "coordinates": [
          92.9064,
          27.2743
        ]
      },
      "properties": {
        "event_id": "3789",
        "event_date": "2011/07/16 00:00:00+00",
        "country_name": "India",
        "state_name": "NER",
        "landslide_category": "Landslide / Debris flow",
        "trigger": "Rainfall / Monsoon",
        "fatalities": 0
      }
    },
    {
      "type": "Feature",
      "geometry": {
        "type": "Point",
        "coordinates": [
          93.5444,
          24.8142
        ]
      },
      "properties": {
        "event_id": "4403",
        "event_date": "2012/06/10 00:00:00+00",
        "country_name": "India",
        "state_name": "NER",
        "landslide_category": "Landslide / Debris flow",
        "trigger": "Rainfall / Monsoon",
        "fatalities": 0
      }
    },
    {
      "type": "Feature",
      "geometry": {
        "type": "Point",
        "coordinates": [
          94.04619681,
          25.70223725
        ]
      },
      "properties": {
        "event_id": "2243",
        "event_date": "2010/08/13 00:00:00+00",
        "country_name": "India",
        "state_name": "NER",
        "landslide_category": "Landslide / Debris flow",
        "trigger": "Rainfall / Monsoon",
        "fatalities": 0
      }
    },
    {
      "type": "Feature",
      "geometry": {
        "type": "Point",
        "coordinates": [
          88.2779,
          26.8811
        ]
      },
      "properties": {
        "event_id": "7037",
        "event_date": "2015/07/01 00:00:00+00",
        "country_name": "India",
        "state_name": "NER",
        "landslide_category": "Landslide / Debris flow",
        "trigger": "Rainfall / Monsoon",
        "fatalities": 0
      }
    },
    {
      "type": "Feature",
      "geometry": {
        "type": "Point",
        "coordinates": [
          94.1066,
          25.67
        ]
      },
      "properties": {
        "event_id": "760",
        "event_date": "2008/08/29 00:00:00+00",
        "country_name": "India",
        "state_name": "NER",
        "landslide_category": "Landslide / Debris flow",
        "trigger": "Rainfall / Monsoon",
        "fatalities": 0
      }
    },
    {
      "type": "Feature",
      "geometry": {
        "type": "Point",
        "coordinates": [
          94.0564,
          24.4279
        ]
      },
      "properties": {
        "event_id": "258",
        "event_date": "2007/09/11 00:00:00+00",
        "country_name": "India",
        "state_name": "NER",
        "landslide_category": "Landslide / Debris flow",
        "trigger": "Rainfall / Monsoon",
        "fatalities": 0
      }
    },
    {
      "type": "Feature",
      "geometry": {
        "type": "Point",
        "coordinates": [
          92.63125938,
          23.83291945
        ]
      },
      "properties": {
        "event_id": "9731",
        "event_date": "2017/08/26 00:00:00+00",
        "country_name": "India",
        "state_name": "NER",
        "landslide_category": "Landslide / Debris flow",
        "trigger": "Rainfall / Monsoon",
        "fatalities": 0
      }
    },
    {
      "type": "Feature",
      "geometry": {
        "type": "Point",
        "coordinates": [
          92.42257695,
          25.03190213
        ]
      },
      "properties": {
        "event_id": "12719",
        "event_date": "2018/04/28 00:00:00+00",
        "country_name": "India",
        "state_name": "NER",
        "landslide_category": "Landslide / Debris flow",
        "trigger": "Rainfall / Monsoon",
        "fatalities": 0
      }
    },
    {
      "type": "Feature",
      "geometry": {
        "type": "Point",
        "coordinates": [
          88.1825,
          24.5582
        ]
      },
      "properties": {
        "event_id": "7134",
        "event_date": "2015/04/19 00:00:00+00",
        "country_name": "India",
        "state_name": "NER",
        "landslide_category": "Landslide / Debris flow",
        "trigger": "Rainfall / Monsoon",
        "fatalities": 0
      }
    },
    {
      "type": "Feature",
      "geometry": {
        "type": "Point",
        "coordinates": [
          92.3636,
          25.0728
        ]
      },
      "properties": {
        "event_id": "7706",
        "event_date": "2015/08/19 00:00:00+00",
        "country_name": "India",
        "state_name": "NER",
        "landslide_category": "Landslide / Debris flow",
        "trigger": "Rainfall / Monsoon",
        "fatalities": 0
      }
    },
    {
      "type": "Feature",
      "geometry": {
        "type": "Point",
        "coordinates": [
          92.118,
          21.4406
        ]
      },
      "properties": {
        "event_id": "7004",
        "event_date": "2015/06/27 00:00:00+00",
        "country_name": "India",
        "state_name": "NER",
        "landslide_category": "Landslide / Debris flow",
        "trigger": "Rainfall / Monsoon",
        "fatalities": 0
      }
    },
    {
      "type": "Feature",
      "geometry": {
        "type": "Point",
        "coordinates": [
          96.2946,
          25.6226
        ]
      },
      "properties": {
        "event_id": "9245",
        "event_date": "2016/01/25 00:00:00+00",
        "country_name": "India",
        "state_name": "NER",
        "landslide_category": "Landslide / Debris flow",
        "trigger": "Rainfall / Monsoon",
        "fatalities": 0
      }
    },
    {
      "type": "Feature",
      "geometry": {
        "type": "Point",
        "coordinates": [
          91.7783,
          25.0821
        ]
      },
      "properties": {
        "event_id": "8955",
        "event_date": "2015/11/16 00:00:00+00",
        "country_name": "India",
        "state_name": "NER",
        "landslide_category": "Landslide / Debris flow",
        "trigger": "Rainfall / Monsoon",
        "fatalities": 0
      }
    },
    {
      "type": "Feature",
      "geometry": {
        "type": "Point",
        "coordinates": [
          91.8717,
          26.1062
        ]
      },
      "properties": {
        "event_id": "7276",
        "event_date": "2015/07/25 00:00:00+00",
        "country_name": "India",
        "state_name": "NER",
        "landslide_category": "Landslide / Debris flow",
        "trigger": "Rainfall / Monsoon",
        "fatalities": 0
      }
    },
    {
      "type": "Feature",
      "geometry": {
        "type": "Point",
        "coordinates": [
          91.7056,
          26.1295
        ]
      },
      "properties": {
        "event_id": "6287",
        "event_date": "2014/09/22 00:00:00+00",
        "country_name": "India",
        "state_name": "NER",
        "landslide_category": "Landslide / Debris flow",
        "trigger": "Rainfall / Monsoon",
        "fatalities": 0
      }
    },
    {
      "type": "Feature",
      "geometry": {
        "type": "Point",
        "coordinates": [
          88.3652,
          27.167
        ]
      },
      "properties": {
        "event_id": "2296",
        "event_date": "2010/08/20 00:00:00+00",
        "country_name": "India",
        "state_name": "NER",
        "landslide_category": "Landslide / Debris flow",
        "trigger": "Rainfall / Monsoon",
        "fatalities": 0
      }
    },
    {
      "type": "Feature",
      "geometry": {
        "type": "Point",
        "coordinates": [
          94.5497,
          26.1807
        ]
      },
      "properties": {
        "event_id": "5273",
        "event_date": "2013/08/04 00:00:00+00",
        "country_name": "India",
        "state_name": "NER",
        "landslide_category": "Landslide / Debris flow",
        "trigger": "Rainfall / Monsoon",
        "fatalities": 0
      }
    },
    {
      "type": "Feature",
      "geometry": {
        "type": "Point",
        "coordinates": [
          92.5121,
          24.5308
        ]
      },
      "properties": {
        "event_id": "9336",
        "event_date": "2016/05/18 00:00:00+00",
        "country_name": "India",
        "state_name": "NER",
        "landslide_category": "Landslide / Debris flow",
        "trigger": "Rainfall / Monsoon",
        "fatalities": 0
      }
    },
    {
      "type": "Feature",
      "geometry": {
        "type": "Point",
        "coordinates": [
          93.1477,
          25.4749
        ]
      },
      "properties": {
        "event_id": "2574",
        "event_date": "2010/10/09 00:00:00+00",
        "country_name": "India",
        "state_name": "NER",
        "landslide_category": "Landslide / Debris flow",
        "trigger": "Rainfall / Monsoon",
        "fatalities": 0
      }
    },
    {
      "type": "Feature",
      "geometry": {
        "type": "Point",
        "coordinates": [
          91.7747,
          26.1097
        ]
      },
      "properties": {
        "event_id": "6282",
        "event_date": "2014/09/22 00:00:00+00",
        "country_name": "India",
        "state_name": "NER",
        "landslide_category": "Landslide / Debris flow",
        "trigger": "Rainfall / Monsoon",
        "fatalities": 0
      }
    },
    {
      "type": "Feature",
      "geometry": {
        "type": "Point",
        "coordinates": [
          94.18315697,
          28.10756941
        ]
      },
      "properties": {
        "event_id": "11176",
        "event_date": "2017/06/20 00:00:00+00",
        "country_name": "India",
        "state_name": "NER",
        "landslide_category": "Landslide / Debris flow",
        "trigger": "Rainfall / Monsoon",
        "fatalities": 0
      }
    },
    {
      "type": "Feature",
      "geometry": {
        "type": "Point",
        "coordinates": [
          93.72386429,
          24.79591421
        ]
      },
      "properties": {
        "event_id": "11150",
        "event_date": "2017/03/30 00:00:00+00",
        "country_name": "India",
        "state_name": "NER",
        "landslide_category": "Landslide / Debris flow",
        "trigger": "Rainfall / Monsoon",
        "fatalities": 0
      }
    },
    {
      "type": "Feature",
      "geometry": {
        "type": "Point",
        "coordinates": [
          93.89896294,
          24.83507319
        ]
      },
      "properties": {
        "event_id": "11153",
        "event_date": "2017/07/09 00:00:00+00",
        "country_name": "India",
        "state_name": "NER",
        "landslide_category": "Landslide / Debris flow",
        "trigger": "Rainfall / Monsoon",
        "fatalities": 0
      }
    },
    {
      "type": "Feature",
      "geometry": {
        "type": "Point",
        "coordinates": [
          92.019575,
          25.167803
        ]
      },
      "properties": {
        "event_id": "10984",
        "event_date": "2017/03/08 00:00:00+00",
        "country_name": "India",
        "state_name": "NER",
        "landslide_category": "Landslide / Debris flow",
        "trigger": "Rainfall / Monsoon",
        "fatalities": 0
      }
    },
    {
      "type": "Feature",
      "geometry": {
        "type": "Point",
        "coordinates": [
          89.90633458,
          27.04040393
        ]
      },
      "properties": {
        "event_id": "11181",
        "event_date": "2017/07/08 00:00:00+00",
        "country_name": "India",
        "state_name": "NER",
        "landslide_category": "Landslide / Debris flow",
        "trigger": "Rainfall / Monsoon",
        "fatalities": 0
      }
    },
    {
      "type": "Feature",
      "geometry": {
        "type": "Point",
        "coordinates": [
          94.7031,
          26.0977
        ]
      },
      "properties": {
        "event_id": "4905",
        "event_date": "2013/06/07 00:00:00+00",
        "country_name": "India",
        "state_name": "NER",
        "landslide_category": "Landslide / Debris flow",
        "trigger": "Rainfall / Monsoon",
        "fatalities": 0
      }
    },
    {
      "type": "Feature",
      "geometry": {
        "type": "Point",
        "coordinates": [
          91.7665,
          26.1978
        ]
      },
      "properties": {
        "event_id": "1771",
        "event_date": "2010/04/20 00:00:00+00",
        "country_name": "India",
        "state_name": "NER",
        "landslide_category": "Landslide / Debris flow",
        "trigger": "Rainfall / Monsoon",
        "fatalities": 0
      }
    },
    {
      "type": "Feature",
      "geometry": {
        "type": "Point",
        "coordinates": [
          88.6458,
          27.1748
        ]
      },
      "properties": {
        "event_id": "4394",
        "event_date": "2012/06/07 00:00:00+00",
        "country_name": "India",
        "state_name": "NER",
        "landslide_category": "Landslide / Debris flow",
        "trigger": "Rainfall / Monsoon",
        "fatalities": 0
      }
    },
    {
      "type": "Feature",
      "geometry": {
        "type": "Point",
        "coordinates": [
          91.810079,
          26.191688
        ]
      },
      "properties": {
        "event_id": "10972",
        "event_date": "2016/12/15 00:00:00+00",
        "country_name": "India",
        "state_name": "NER",
        "landslide_category": "Landslide / Debris flow",
        "trigger": "Rainfall / Monsoon",
        "fatalities": 0
      }
    },
    {
      "type": "Feature",
      "geometry": {
        "type": "Point",
        "coordinates": [
          91.85294885,
          26.16066111
        ]
      },
      "properties": {
        "event_id": "10974",
        "event_date": "2017/04/05 00:00:00+00",
        "country_name": "India",
        "state_name": "NER",
        "landslide_category": "Landslide / Debris flow",
        "trigger": "Rainfall / Monsoon",
        "fatalities": 0
      }
    },
    {
      "type": "Feature",
      "geometry": {
        "type": "Point",
        "coordinates": [
          93.61539279,
          27.20938411
        ]
      },
      "properties": {
        "event_id": "11168",
        "event_date": "2017/07/11 00:00:00+00",
        "country_name": "India",
        "state_name": "NER",
        "landslide_category": "Landslide / Debris flow",
        "trigger": "Rainfall / Monsoon",
        "fatalities": 0
      }
    },
    {
      "type": "Feature",
      "geometry": {
        "type": "Point",
        "coordinates": [
          93.79559574,
          27.11610665
        ]
      },
      "properties": {
        "event_id": "11167",
        "event_date": "2017/07/09 00:00:00+00",
        "country_name": "India",
        "state_name": "NER",
        "landslide_category": "Landslide / Debris flow",
        "trigger": "Rainfall / Monsoon",
        "fatalities": 0
      }
    },
    {
      "type": "Feature",
      "geometry": {
        "type": "Point",
        "coordinates": [
          92.15455,
          22.64753
        ]
      },
      "properties": {
        "event_id": "10958",
        "event_date": "2017/03/16 00:00:00+00",
        "country_name": "India",
        "state_name": "NER",
        "landslide_category": "Landslide / Debris flow",
        "trigger": "Rainfall / Monsoon",
        "fatalities": 0
      }
    },
    {
      "type": "Feature",
      "geometry": {
        "type": "Point",
        "coordinates": [
          91.9234343,
          25.67836832
        ]
      },
      "properties": {
        "event_id": "10987",
        "event_date": "2017/06/17 00:00:00+00",
        "country_name": "India",
        "state_name": "NER",
        "landslide_category": "Landslide / Debris flow",
        "trigger": "Rainfall / Monsoon",
        "fatalities": 0
      }
    },
    {
      "type": "Feature",
      "geometry": {
        "type": "Point",
        "coordinates": [
          93.6228,
          24.8029
        ]
      },
      "properties": {
        "event_id": "2324",
        "event_date": "2010/08/24 00:00:00+00",
        "country_name": "India",
        "state_name": "NER",
        "landslide_category": "Landslide / Debris flow",
        "trigger": "Rainfall / Monsoon",
        "fatalities": 0
      }
    },
    {
      "type": "Feature",
      "geometry": {
        "type": "Point",
        "coordinates": [
          93.62191829,
          24.86388954
        ]
      },
      "properties": {
        "event_id": "11332",
        "event_date": "2018/05/10 00:00:00+00",
        "country_name": "India",
        "state_name": "NER",
        "landslide_category": "Landslide / Debris flow",
        "trigger": "Rainfall / Monsoon",
        "fatalities": 0
      }
    },
    {
      "type": "Feature",
      "geometry": {
        "type": "Point",
        "coordinates": [
          92.16462651,
          21.20699936
        ]
      },
      "properties": {
        "event_id": "11410",
        "event_date": "2018/05/04 00:00:00+00",
        "country_name": "India",
        "state_name": "NER",
        "landslide_category": "Landslide / Debris flow",
        "trigger": "Rainfall / Monsoon",
        "fatalities": 0
      }
    },
    {
      "type": "Feature",
      "geometry": {
        "type": "Point",
        "coordinates": [
          93.2029238,
          22.88103189
        ]
      },
      "properties": {
        "event_id": "11581",
        "event_date": "1970/01/01 00:00:00+00",
        "country_name": "India",
        "state_name": "NER",
        "landslide_category": "Landslide / Debris flow",
        "trigger": "Rainfall / Monsoon",
        "fatalities": 0
      }
    },
    {
      "type": "Feature",
      "geometry": {
        "type": "Point",
        "coordinates": [
          93.53137263,
          22.87612739
        ]
      },
      "properties": {
        "event_id": "11586",
        "event_date": "1970/01/01 00:00:00+00",
        "country_name": "India",
        "state_name": "NER",
        "landslide_category": "Landslide / Debris flow",
        "trigger": "Rainfall / Monsoon",
        "fatalities": 0
      }
    },
    {
      "type": "Feature",
      "geometry": {
        "type": "Point",
        "coordinates": [
          93.54039932,
          22.8341935
        ]
      },
      "properties": {
        "event_id": "11590",
        "event_date": "1970/01/01 00:00:00+00",
        "country_name": "India",
        "state_name": "NER",
        "landslide_category": "Landslide / Debris flow",
        "trigger": "Rainfall / Monsoon",
        "fatalities": 0
      }
    },
    {
      "type": "Feature",
      "geometry": {
        "type": "Point",
        "coordinates": [
          93.54663401,
          22.83489265
        ]
      },
      "properties": {
        "event_id": "11595",
        "event_date": "1970/01/01 00:00:00+00",
        "country_name": "India",
        "state_name": "NER",
        "landslide_category": "Landslide / Debris flow",
        "trigger": "Rainfall / Monsoon",
        "fatalities": 0
      }
    },
    {
      "type": "Feature",
      "geometry": {
        "type": "Point",
        "coordinates": [
          93.55649245,
          22.81570622
        ]
      },
      "properties": {
        "event_id": "11599",
        "event_date": "1970/01/01 00:00:00+00",
        "country_name": "India",
        "state_name": "NER",
        "landslide_category": "Landslide / Debris flow",
        "trigger": "Rainfall / Monsoon",
        "fatalities": 0
      }
    },
    {
      "type": "Feature",
      "geometry": {
        "type": "Point",
        "coordinates": [
          88.0499,
          26.8016
        ]
      },
      "properties": {
        "event_id": "4579",
        "event_date": "2012/10/01 00:00:00+00",
        "country_name": "India",
        "state_name": "NER",
        "landslide_category": "Landslide / Debris flow",
        "trigger": "Rainfall / Monsoon",
        "fatalities": 0
      }
    },
    {
      "type": "Feature",
      "geometry": {
        "type": "Point",
        "coordinates": [
          94.2341227,
          25.51614662
        ]
      },
      "properties": {
        "event_id": "3637",
        "event_date": "2011/06/21 00:00:00+00",
        "country_name": "India",
        "state_name": "NER",
        "landslide_category": "Landslide / Debris flow",
        "trigger": "Rainfall / Monsoon",
        "fatalities": 0
      }
    },
    {
      "type": "Feature",
      "geometry": {
        "type": "Point",
        "coordinates": [
          92.3825,
          25.2568
        ]
      },
      "properties": {
        "event_id": "7589",
        "event_date": "2015/08/19 00:00:00+00",
        "country_name": "India",
        "state_name": "NER",
        "landslide_category": "Landslide / Debris flow",
        "trigger": "Rainfall / Monsoon",
        "fatalities": 0
      }
    },
    {
      "type": "Feature",
      "geometry": {
        "type": "Point",
        "coordinates": [
          96.5316,
          28.0822
        ]
      },
      "properties": {
        "event_id": "9404",
        "event_date": "2016/05/01 00:00:00+00",
        "country_name": "India",
        "state_name": "NER",
        "landslide_category": "Landslide / Debris flow",
        "trigger": "Rainfall / Monsoon",
        "fatalities": 0
      }
    },
    {
      "type": "Feature",
      "geometry": {
        "type": "Point",
        "coordinates": [
          96.2961,
          25.6127
        ]
      },
      "properties": {
        "event_id": "9309",
        "event_date": "2016/05/23 00:00:00+00",
        "country_name": "India",
        "state_name": "NER",
        "landslide_category": "Landslide / Debris flow",
        "trigger": "Rainfall / Monsoon",
        "fatalities": 0
      }
    },
    {
      "type": "Feature",
      "geometry": {
        "type": "Point",
        "coordinates": [
          91.8074,
          26.1963
        ]
      },
      "properties": {
        "event_id": "8995",
        "event_date": "2016/07/14 00:00:00+00",
        "country_name": "India",
        "state_name": "NER",
        "landslide_category": "Landslide / Debris flow",
        "trigger": "Rainfall / Monsoon",
        "fatalities": 0
      }
    },
    {
      "type": "Feature",
      "geometry": {
        "type": "Point",
        "coordinates": [
          93.6086,
          27.0869
        ]
      },
      "properties": {
        "event_id": "6200",
        "event_date": "2014/08/17 00:00:00+00",
        "country_name": "India",
        "state_name": "NER",
        "landslide_category": "Landslide / Debris flow",
        "trigger": "Rainfall / Monsoon",
        "fatalities": 0
      }
    },
    {
      "type": "Feature",
      "geometry": {
        "type": "Point",
        "coordinates": [
          93.97198129,
          25.14429782
        ]
      },
      "properties": {
        "event_id": "12716",
        "event_date": "2017/06/05 00:00:00+00",
        "country_name": "India",
        "state_name": "NER",
        "landslide_category": "Landslide / Debris flow",
        "trigger": "Rainfall / Monsoon",
        "fatalities": 0
      }
    },
    {
      "type": "Feature",
      "geometry": {
        "type": "Point",
        "coordinates": [
          88.527,
          27.478
        ]
      },
      "properties": {
        "event_id": "1061",
        "event_date": "2009/07/01 00:00:00+00",
        "country_name": "India",
        "state_name": "NER",
        "landslide_category": "Landslide / Debris flow",
        "trigger": "Rainfall / Monsoon",
        "fatalities": 0
      }
    },
    {
      "type": "Feature",
      "geometry": {
        "type": "Point",
        "coordinates": [
          94.24416766,
          26.1445447
        ]
      },
      "properties": {
        "event_id": "9984",
        "event_date": "2017/07/01 00:00:00+00",
        "country_name": "India",
        "state_name": "NER",
        "landslide_category": "Landslide / Debris flow",
        "trigger": "Rainfall / Monsoon",
        "fatalities": 0
      }
    },
    {
      "type": "Feature",
      "geometry": {
        "type": "Point",
        "coordinates": [
          91.87202793,
          26.20450454
        ]
      },
      "properties": {
        "event_id": "9940",
        "event_date": "2017/07/03 00:00:00+00",
        "country_name": "India",
        "state_name": "NER",
        "landslide_category": "Landslide / Debris flow",
        "trigger": "Rainfall / Monsoon",
        "fatalities": 0
      }
    },
    {
      "type": "Feature",
      "geometry": {
        "type": "Point",
        "coordinates": [
          94.257523,
          26.092493
        ]
      },
      "properties": {
        "event_id": "9966",
        "event_date": "2016/09/05 00:00:00+00",
        "country_name": "India",
        "state_name": "NER",
        "landslide_category": "Landslide / Debris flow",
        "trigger": "Rainfall / Monsoon",
        "fatalities": 0
      }
    },
    {
      "type": "Feature",
      "geometry": {
        "type": "Point",
        "coordinates": [
          94.24222574,
          26.11613908
        ]
      },
      "properties": {
        "event_id": "9983",
        "event_date": "2017/07/01 00:00:00+00",
        "country_name": "India",
        "state_name": "NER",
        "landslide_category": "Landslide / Debris flow",
        "trigger": "Rainfall / Monsoon",
        "fatalities": 0
      }
    },
    {
      "type": "Feature",
      "geometry": {
        "type": "Point",
        "coordinates": [
          92.87641207,
          23.69461107
        ]
      },
      "properties": {
        "event_id": "9989",
        "event_date": "2017/06/28 00:00:00+00",
        "country_name": "India",
        "state_name": "NER",
        "landslide_category": "Landslide / Debris flow",
        "trigger": "Rainfall / Monsoon",
        "fatalities": 0
      }
    },
    {
      "type": "Feature",
      "geometry": {
        "type": "Point",
        "coordinates": [
          91.82931979,
          24.19467451
        ]
      },
      "properties": {
        "event_id": "9745",
        "event_date": "2017/06/03 00:00:00+00",
        "country_name": "India",
        "state_name": "NER",
        "landslide_category": "Landslide / Debris flow",
        "trigger": "Rainfall / Monsoon",
        "fatalities": 0
      }
    },
    {
      "type": "Feature",
      "geometry": {
        "type": "Point",
        "coordinates": [
          92.71505961,
          23.73941422
        ]
      },
      "properties": {
        "event_id": "9770",
        "event_date": "2017/06/01 00:00:00+00",
        "country_name": "India",
        "state_name": "NER",
        "landslide_category": "Landslide / Debris flow",
        "trigger": "Rainfall / Monsoon",
        "fatalities": 0
      }
    },
    {
      "type": "Feature",
      "geometry": {
        "type": "Point",
        "coordinates": [
          91.87351723,
          26.10035658
        ]
      },
      "properties": {
        "event_id": "9949",
        "event_date": "2017/07/03 00:00:00+00",
        "country_name": "India",
        "state_name": "NER",
        "landslide_category": "Landslide / Debris flow",
        "trigger": "Rainfall / Monsoon",
        "fatalities": 0
      }
    },
    {
      "type": "Feature",
      "geometry": {
        "type": "Point",
        "coordinates": [
          89.4,
          22.5333
        ]
      },
      "properties": {
        "event_id": "311",
        "event_date": "2007/10/15 00:00:00+00",
        "country_name": "India",
        "state_name": "NER",
        "landslide_category": "Landslide / Debris flow",
        "trigger": "Rainfall / Monsoon",
        "fatalities": 0
      }
    },
    {
      "type": "Feature",
      "geometry": {
        "type": "Point",
        "coordinates": [
          88.28,
          26.88
        ]
      },
      "properties": {
        "event_id": "3621",
        "event_date": "2011/06/17 00:00:00+00",
        "country_name": "India",
        "state_name": "NER",
        "landslide_category": "Landslide / Debris flow",
        "trigger": "Rainfall / Monsoon",
        "fatalities": 0
      }
    },
    {
      "type": "Feature",
      "geometry": {
        "type": "Point",
        "coordinates": [
          92.8573,
          25.1175
        ]
      },
      "properties": {
        "event_id": "4382",
        "event_date": "2012/06/03 00:00:00+00",
        "country_name": "India",
        "state_name": "NER",
        "landslide_category": "Landslide / Debris flow",
        "trigger": "Rainfall / Monsoon",
        "fatalities": 0
      }
    },
    {
      "type": "Feature",
      "geometry": {
        "type": "Point",
        "coordinates": [
          93.5935,
          24.8286
        ]
      },
      "properties": {
        "event_id": "3560",
        "event_date": "2011/05/31 00:00:00+00",
        "country_name": "India",
        "state_name": "NER",
        "landslide_category": "Landslide / Debris flow",
        "trigger": "Rainfall / Monsoon",
        "fatalities": 0
      }
    },
    {
      "type": "Feature",
      "geometry": {
        "type": "Point",
        "coordinates": [
          94.4619,
          26.0481
        ]
      },
      "properties": {
        "event_id": "5270",
        "event_date": "2013/08/04 00:00:00+00",
        "country_name": "India",
        "state_name": "NER",
        "landslide_category": "Landslide / Debris flow",
        "trigger": "Rainfall / Monsoon",
        "fatalities": 0
      }
    },
    {
      "type": "Feature",
      "geometry": {
        "type": "Point",
        "coordinates": [
          91.77306002,
          26.19037705
        ]
      },
      "properties": {
        "event_id": "10007",
        "event_date": "2017/07/10 00:00:00+00",
        "country_name": "India",
        "state_name": "NER",
        "landslide_category": "Landslide / Debris flow",
        "trigger": "Rainfall / Monsoon",
        "fatalities": 0
      }
    },
    {
      "type": "Feature",
      "geometry": {
        "type": "Point",
        "coordinates": [
          95.78717009,
          24.13562007
        ]
      },
      "properties": {
        "event_id": "11943",
        "event_date": "1970/01/01 00:00:00+00",
        "country_name": "India",
        "state_name": "NER",
        "landslide_category": "Landslide / Debris flow",
        "trigger": "Rainfall / Monsoon",
        "fatalities": 0
      }
    },
    {
      "type": "Feature",
      "geometry": {
        "type": "Point",
        "coordinates": [
          97.64352023,
          24.35678737
        ]
      },
      "properties": {
        "event_id": "11946",
        "event_date": "1970/01/01 00:00:00+00",
        "country_name": "India",
        "state_name": "NER",
        "landslide_category": "Landslide / Debris flow",
        "trigger": "Rainfall / Monsoon",
        "fatalities": 0
      }
    },
    {
      "type": "Feature",
      "geometry": {
        "type": "Point",
        "coordinates": [
          93.582214,
          22.50333781
        ]
      },
      "properties": {
        "event_id": "11961",
        "event_date": "1970/01/01 00:00:00+00",
        "country_name": "India",
        "state_name": "NER",
        "landslide_category": "Landslide / Debris flow",
        "trigger": "Rainfall / Monsoon",
        "fatalities": 0
      }
    },
    {
      "type": "Feature",
      "geometry": {
        "type": "Point",
        "coordinates": [
          93.58399341,
          22.49240163
        ]
      },
      "properties": {
        "event_id": "11962",
        "event_date": "1970/01/01 00:00:00+00",
        "country_name": "India",
        "state_name": "NER",
        "landslide_category": "Landslide / Debris flow",
        "trigger": "Rainfall / Monsoon",
        "fatalities": 0
      }
    },
    {
      "type": "Feature",
      "geometry": {
        "type": "Point",
        "coordinates": [
          93.60519398,
          22.5148325
        ]
      },
      "properties": {
        "event_id": "11973",
        "event_date": "1970/01/01 00:00:00+00",
        "country_name": "India",
        "state_name": "NER",
        "landslide_category": "Landslide / Debris flow",
        "trigger": "Rainfall / Monsoon",
        "fatalities": 0
      }
    },
    {
      "type": "Feature",
      "geometry": {
        "type": "Point",
        "coordinates": [
          93.59803302,
          22.52836261
        ]
      },
      "properties": {
        "event_id": "11978",
        "event_date": "1970/01/01 00:00:00+00",
        "country_name": "India",
        "state_name": "NER",
        "landslide_category": "Landslide / Debris flow",
        "trigger": "Rainfall / Monsoon",
        "fatalities": 0
      }
    },
    {
      "type": "Feature",
      "geometry": {
        "type": "Point",
        "coordinates": [
          97.44694093,
          25.68943823
        ]
      },
      "properties": {
        "event_id": "12088",
        "event_date": "1970/01/01 00:00:00+00",
        "country_name": "India",
        "state_name": "NER",
        "landslide_category": "Landslide / Debris flow",
        "trigger": "Rainfall / Monsoon",
        "fatalities": 0
      }
    },
    {
      "type": "Feature",
      "geometry": {
        "type": "Point",
        "coordinates": [
          97.44599323,
          25.69219189
        ]
      },
      "properties": {
        "event_id": "12092",
        "event_date": "1970/01/01 00:00:00+00",
        "country_name": "India",
        "state_name": "NER",
        "landslide_category": "Landslide / Debris flow",
        "trigger": "Rainfall / Monsoon",
        "fatalities": 0
      }
    },
    {
      "type": "Feature",
      "geometry": {
        "type": "Point",
        "coordinates": [
          97.44719805,
          25.69429273
        ]
      },
      "properties": {
        "event_id": "12093",
        "event_date": "1970/01/01 00:00:00+00",
        "country_name": "India",
        "state_name": "NER",
        "landslide_category": "Landslide / Debris flow",
        "trigger": "Rainfall / Monsoon",
        "fatalities": 0
      }
    },
    {
      "type": "Feature",
      "geometry": {
        "type": "Point",
        "coordinates": [
          97.43484235,
          25.66452526
        ]
      },
      "properties": {
        "event_id": "12097",
        "event_date": "1970/01/01 00:00:00+00",
        "country_name": "India",
        "state_name": "NER",
        "landslide_category": "Landslide / Debris flow",
        "trigger": "Rainfall / Monsoon",
        "fatalities": 0
      }
    },
    {
      "type": "Feature",
      "geometry": {
        "type": "Point",
        "coordinates": [
          97.4360382,
          25.66514659
        ]
      },
      "properties": {
        "event_id": "12098",
        "event_date": "1970/01/01 00:00:00+00",
        "country_name": "India",
        "state_name": "NER",
        "landslide_category": "Landslide / Debris flow",
        "trigger": "Rainfall / Monsoon",
        "fatalities": 0
      }
    },
    {
      "type": "Feature",
      "geometry": {
        "type": "Point",
        "coordinates": [
          97.43860582,
          25.66632812
        ]
      },
      "properties": {
        "event_id": "12103",
        "event_date": "1970/01/01 00:00:00+00",
        "country_name": "India",
        "state_name": "NER",
        "landslide_category": "Landslide / Debris flow",
        "trigger": "Rainfall / Monsoon",
        "fatalities": 0
      }
    },
    {
      "type": "Feature",
      "geometry": {
        "type": "Point",
        "coordinates": [
          92.70301689,
          21.18842743
        ]
      },
      "properties": {
        "event_id": "12132",
        "event_date": "1970/01/01 00:00:00+00",
        "country_name": "India",
        "state_name": "NER",
        "landslide_category": "Landslide / Debris flow",
        "trigger": "Rainfall / Monsoon",
        "fatalities": 0
      }
    },
    {
      "type": "Feature",
      "geometry": {
        "type": "Point",
        "coordinates": [
          93.95925326,
          21.1969263
        ]
      },
      "properties": {
        "event_id": "12143",
        "event_date": "1970/01/01 00:00:00+00",
        "country_name": "India",
        "state_name": "NER",
        "landslide_category": "Landslide / Debris flow",
        "trigger": "Rainfall / Monsoon",
        "fatalities": 0
      }
    },
    {
      "type": "Feature",
      "geometry": {
        "type": "Point",
        "coordinates": [
          93.99961964,
          21.44361161
        ]
      },
      "properties": {
        "event_id": "12147",
        "event_date": "1970/01/01 00:00:00+00",
        "country_name": "India",
        "state_name": "NER",
        "landslide_category": "Landslide / Debris flow",
        "trigger": "Rainfall / Monsoon",
        "fatalities": 0
      }
    },
    {
      "type": "Feature",
      "geometry": {
        "type": "Point",
        "coordinates": [
          93.12050743,
          21.39511071
        ]
      },
      "properties": {
        "event_id": "12173",
        "event_date": "1970/01/01 00:00:00+00",
        "country_name": "India",
        "state_name": "NER",
        "landslide_category": "Landslide / Debris flow",
        "trigger": "Rainfall / Monsoon",
        "fatalities": 0
      }
    },
    {
      "type": "Feature",
      "geometry": {
        "type": "Point",
        "coordinates": [
          93.09149035,
          21.40421758
        ]
      },
      "properties": {
        "event_id": "12174",
        "event_date": "1970/01/01 00:00:00+00",
        "country_name": "India",
        "state_name": "NER",
        "landslide_category": "Landslide / Debris flow",
        "trigger": "Rainfall / Monsoon",
        "fatalities": 0
      }
    },
    {
      "type": "Feature",
      "geometry": {
        "type": "Point",
        "coordinates": [
          97.70139181,
          26.07325038
        ]
      },
      "properties": {
        "event_id": "12292",
        "event_date": "1970/01/01 00:00:00+00",
        "country_name": "India",
        "state_name": "NER",
        "landslide_category": "Landslide / Debris flow",
        "trigger": "Rainfall / Monsoon",
        "fatalities": 0
      }
    },
    {
      "type": "Feature",
      "geometry": {
        "type": "Point",
        "coordinates": [
          97.23665416,
          26.35893536
        ]
      },
      "properties": {
        "event_id": "12315",
        "event_date": "1970/01/01 00:00:00+00",
        "country_name": "India",
        "state_name": "NER",
        "landslide_category": "Landslide / Debris flow",
        "trigger": "Rainfall / Monsoon",
        "fatalities": 0
      }
    },
    {
      "type": "Feature",
      "geometry": {
        "type": "Point",
        "coordinates": [
          93.125,
          24.3069
        ]
      },
      "properties": {
        "event_id": "2436",
        "event_date": "2010/09/16 00:00:00+00",
        "country_name": "India",
        "state_name": "NER",
        "landslide_category": "Landslide / Debris flow",
        "trigger": "Rainfall / Monsoon",
        "fatalities": 0
      }
    },
    {
      "type": "Feature",
      "geometry": {
        "type": "Point",
        "coordinates": [
          88.1835,
          26.8843
        ]
      },
      "properties": {
        "event_id": "7363",
        "event_date": "2015/06/30 00:00:00+00",
        "country_name": "India",
        "state_name": "NER",
        "landslide_category": "Landslide / Debris flow",
        "trigger": "Rainfall / Monsoon",
        "fatalities": 0
      }
    },
    {
      "type": "Feature",
      "geometry": {
        "type": "Point",
        "coordinates": [
          93.141692,
          25.481623
        ]
      },
      "properties": {
        "event_id": "10977",
        "event_date": "2017/04/04 00:00:00+00",
        "country_name": "India",
        "state_name": "NER",
        "landslide_category": "Landslide / Debris flow",
        "trigger": "Rainfall / Monsoon",
        "fatalities": 0
      }
    },
    {
      "type": "Feature",
      "geometry": {
        "type": "Point",
        "coordinates": [
          92.853913,
          25.118398
        ]
      },
      "properties": {
        "event_id": "10976",
        "event_date": "2017/04/04 00:00:00+00",
        "country_name": "India",
        "state_name": "NER",
        "landslide_category": "Landslide / Debris flow",
        "trigger": "Rainfall / Monsoon",
        "fatalities": 0
      }
    },
    {
      "type": "Feature",
      "geometry": {
        "type": "Point",
        "coordinates": [
          93.13195098,
          26.56636244
        ]
      },
      "properties": {
        "event_id": "11162",
        "event_date": "2017/07/09 00:00:00+00",
        "country_name": "India",
        "state_name": "NER",
        "landslide_category": "Landslide / Debris flow",
        "trigger": "Rainfall / Monsoon",
        "fatalities": 0
      }
    },
    {
      "type": "Feature",
      "geometry": {
        "type": "Point",
        "coordinates": [
          91.85077,
          24.83373113
        ]
      },
      "properties": {
        "event_id": "11255",
        "event_date": "2018/01/28 00:00:00+00",
        "country_name": "India",
        "state_name": "NER",
        "landslide_category": "Landslide / Debris flow",
        "trigger": "Rainfall / Monsoon",
        "fatalities": 0
      }
    },
    {
      "type": "Feature",
      "geometry": {
        "type": "Point",
        "coordinates": [
          91.7162,
          26.1226
        ]
      },
      "properties": {
        "event_id": "4426",
        "event_date": "2012/06/22 00:00:00+00",
        "country_name": "India",
        "state_name": "NER",
        "landslide_category": "Landslide / Debris flow",
        "trigger": "Rainfall / Monsoon",
        "fatalities": 0
      }
    },
    {
      "type": "Feature",
      "geometry": {
        "type": "Point",
        "coordinates": [
          92.7175,
          23.7281
        ]
      },
      "properties": {
        "event_id": "4857",
        "event_date": "2013/05/11 00:00:00+00",
        "country_name": "India",
        "state_name": "NER",
        "landslide_category": "Landslide / Debris flow",
        "trigger": "Rainfall / Monsoon",
        "fatalities": 0
      }
    },
    {
      "type": "Feature",
      "geometry": {
        "type": "Point",
        "coordinates": [
          91.85672387,
          27.5798729
        ]
      },
      "properties": {
        "event_id": "2743",
        "event_date": "2010/11/22 00:00:00+00",
        "country_name": "India",
        "state_name": "NER",
        "landslide_category": "Landslide / Debris flow",
        "trigger": "Rainfall / Monsoon",
        "fatalities": 0
      }
    },
    {
      "type": "Feature",
      "geometry": {
        "type": "Point",
        "coordinates": [
          91.763,
          26.1965
        ]
      },
      "properties": {
        "event_id": "1770",
        "event_date": "2010/04/20 00:00:00+00",
        "country_name": "India",
        "state_name": "NER",
        "landslide_category": "Landslide / Debris flow",
        "trigger": "Rainfall / Monsoon",
        "fatalities": 0
      }
    },
    {
      "type": "Feature",
      "geometry": {
        "type": "Point",
        "coordinates": [
          97.5634,
          24.7594
        ]
      },
      "properties": {
        "event_id": "6172",
        "event_date": "2014/07/22 00:00:00+00",
        "country_name": "India",
        "state_name": "NER",
        "landslide_category": "Landslide / Debris flow",
        "trigger": "Rainfall / Monsoon",
        "fatalities": 0
      }
    },
    {
      "type": "Feature",
      "geometry": {
        "type": "Point",
        "coordinates": [
          93.6885,
          27.1034
        ]
      },
      "properties": {
        "event_id": "3881",
        "event_date": "2011/08/05 00:00:00+00",
        "country_name": "India",
        "state_name": "NER",
        "landslide_category": "Landslide / Debris flow",
        "trigger": "Rainfall / Monsoon",
        "fatalities": 0
      }
    },
    {
      "type": "Feature",
      "geometry": {
        "type": "Point",
        "coordinates": [
          94.3136,
          25.0118
        ]
      },
      "properties": {
        "event_id": "8900",
        "event_date": "2016/07/07 00:00:00+00",
        "country_name": "India",
        "state_name": "NER",
        "landslide_category": "Landslide / Debris flow",
        "trigger": "Rainfall / Monsoon",
        "fatalities": 0
      }
    },
    {
      "type": "Feature",
      "geometry": {
        "type": "Point",
        "coordinates": [
          91.6743,
          22.6239
        ]
      },
      "properties": {
        "event_id": "9321",
        "event_date": "2016/05/21 00:00:00+00",
        "country_name": "India",
        "state_name": "NER",
        "landslide_category": "Landslide / Debris flow",
        "trigger": "Rainfall / Monsoon",
        "fatalities": 0
      }
    },
    {
      "type": "Feature",
      "geometry": {
        "type": "Point",
        "coordinates": [
          88.609,
          27.337
        ]
      },
      "properties": {
        "event_id": "755",
        "event_date": "2008/08/28 00:00:00+00",
        "country_name": "India",
        "state_name": "NER",
        "landslide_category": "Landslide / Debris flow",
        "trigger": "Rainfall / Monsoon",
        "fatalities": 0
      }
    },
    {
      "type": "Feature",
      "geometry": {
        "type": "Point",
        "coordinates": [
          94.11844319,
          25.67061161
        ]
      },
      "properties": {
        "event_id": "9742",
        "event_date": "2017/06/02 00:00:00+00",
        "country_name": "India",
        "state_name": "NER",
        "landslide_category": "Landslide / Debris flow",
        "trigger": "Rainfall / Monsoon",
        "fatalities": 0
      }
    },
    {
      "type": "Feature",
      "geometry": {
        "type": "Point",
        "coordinates": [
          94.104931,
          25.660517
        ]
      },
      "properties": {
        "event_id": "9904",
        "event_date": "2016/08/25 00:00:00+00",
        "country_name": "India",
        "state_name": "NER",
        "landslide_category": "Landslide / Debris flow",
        "trigger": "Rainfall / Monsoon",
        "fatalities": 0
      }
    },
    {
      "type": "Feature",
      "geometry": {
        "type": "Point",
        "coordinates": [
          93.028,
          25.1553
        ]
      },
      "properties": {
        "event_id": "1611",
        "event_date": "2010/04/01 00:00:00+00",
        "country_name": "India",
        "state_name": "NER",
        "landslide_category": "Landslide / Debris flow",
        "trigger": "Rainfall / Monsoon",
        "fatalities": 0
      }
    },
    {
      "type": "Feature",
      "geometry": {
        "type": "Point",
        "coordinates": [
          97.3668,
          26.0746
        ]
      },
      "properties": {
        "event_id": "9119",
        "event_date": "2015/12/25 00:00:00+00",
        "country_name": "India",
        "state_name": "NER",
        "landslide_category": "Landslide / Debris flow",
        "trigger": "Rainfall / Monsoon",
        "fatalities": 0
      }
    },
    {
      "type": "Feature",
      "geometry": {
        "type": "Point",
        "coordinates": [
          95.3429,
          28.9205
        ]
      },
      "properties": {
        "event_id": "6105",
        "event_date": "2014/06/26 00:00:00+00",
        "country_name": "India",
        "state_name": "NER",
        "landslide_category": "Landslide / Debris flow",
        "trigger": "Rainfall / Monsoon",
        "fatalities": 0
      }
    },
    {
      "type": "Feature",
      "geometry": {
        "type": "Point",
        "coordinates": [
          88.4779,
          27.0736
        ]
      },
      "properties": {
        "event_id": "1107",
        "event_date": "2009/08/20 00:00:00+00",
        "country_name": "India",
        "state_name": "NER",
        "landslide_category": "Landslide / Debris flow",
        "trigger": "Rainfall / Monsoon",
        "fatalities": 0
      }
    },
    {
      "type": "Feature",
      "geometry": {
        "type": "Point",
        "coordinates": [
          93.69071588,
          23.80299725
        ]
      },
      "properties": {
        "event_id": "11938",
        "event_date": "1970/01/01 00:00:00+00",
        "country_name": "India",
        "state_name": "NER",
        "landslide_category": "Landslide / Debris flow",
        "trigger": "Rainfall / Monsoon",
        "fatalities": 0
      }
    },
    {
      "type": "Feature",
      "geometry": {
        "type": "Point",
        "coordinates": [
          92.83045986,
          22.01203557
        ]
      },
      "properties": {
        "event_id": "11955",
        "event_date": "1970/01/01 00:00:00+00",
        "country_name": "India",
        "state_name": "NER",
        "landslide_category": "Landslide / Debris flow",
        "trigger": "Rainfall / Monsoon",
        "fatalities": 0
      }
    },
    {
      "type": "Feature",
      "geometry": {
        "type": "Point",
        "coordinates": [
          97.50016994,
          25.88662327
        ]
      },
      "properties": {
        "event_id": "12078",
        "event_date": "1970/01/01 00:00:00+00",
        "country_name": "India",
        "state_name": "NER",
        "landslide_category": "Landslide / Debris flow",
        "trigger": "Rainfall / Monsoon",
        "fatalities": 0
      }
    },
    {
      "type": "Feature",
      "geometry": {
        "type": "Point",
        "coordinates": [
          97.43776703,
          25.68306255
        ]
      },
      "properties": {
        "event_id": "12096",
        "event_date": "1970/01/01 00:00:00+00",
        "country_name": "India",
        "state_name": "NER",
        "landslide_category": "Landslide / Debris flow",
        "trigger": "Rainfall / Monsoon",
        "fatalities": 0
      }
    },
    {
      "type": "Feature",
      "geometry": {
        "type": "Point",
        "coordinates": [
          97.43612969,
          25.67061822
        ]
      },
      "properties": {
        "event_id": "12106",
        "event_date": "1970/01/01 00:00:00+00",
        "country_name": "India",
        "state_name": "NER",
        "landslide_category": "Landslide / Debris flow",
        "trigger": "Rainfall / Monsoon",
        "fatalities": 0
      }
    },
    {
      "type": "Feature",
      "geometry": {
        "type": "Point",
        "coordinates": [
          97.44014615,
          25.68680722
        ]
      },
      "properties": {
        "event_id": "12120",
        "event_date": "1970/01/01 00:00:00+00",
        "country_name": "India",
        "state_name": "NER",
        "landslide_category": "Landslide / Debris flow",
        "trigger": "Rainfall / Monsoon",
        "fatalities": 0
      }
    },
    {
      "type": "Feature",
      "geometry": {
        "type": "Point",
        "coordinates": [
          93.99414998,
          21.23186403
        ]
      },
      "properties": {
        "event_id": "12142",
        "event_date": "1970/01/01 00:00:00+00",
        "country_name": "India",
        "state_name": "NER",
        "landslide_category": "Landslide / Debris flow",
        "trigger": "Rainfall / Monsoon",
        "fatalities": 0
      }
    },
    {
      "type": "Feature",
      "geometry": {
        "type": "Point",
        "coordinates": [
          93.11600464,
          21.38135283
        ]
      },
      "properties": {
        "event_id": "12168",
        "event_date": "1970/01/01 00:00:00+00",
        "country_name": "India",
        "state_name": "NER",
        "landslide_category": "Landslide / Debris flow",
        "trigger": "Rainfall / Monsoon",
        "fatalities": 0
      }
    },
    {
      "type": "Feature",
      "geometry": {
        "type": "Point",
        "coordinates": [
          97.63768811,
          26.12895454
        ]
      },
      "properties": {
        "event_id": "12302",
        "event_date": "1970/01/01 00:00:00+00",
        "country_name": "India",
        "state_name": "NER",
        "landslide_category": "Landslide / Debris flow",
        "trigger": "Rainfall / Monsoon",
        "fatalities": 0
      }
    },
    {
      "type": "Feature",
      "geometry": {
        "type": "Point",
        "coordinates": [
          97.63845659,
          26.13570434
        ]
      },
      "properties": {
        "event_id": "12306",
        "event_date": "1970/01/01 00:00:00+00",
        "country_name": "India",
        "state_name": "NER",
        "landslide_category": "Landslide / Debris flow",
        "trigger": "Rainfall / Monsoon",
        "fatalities": 0
      }
    },
    {
      "type": "Feature",
      "geometry": {
        "type": "Point",
        "coordinates": [
          93.76583492,
          21.21141845
        ]
      },
      "properties": {
        "event_id": "12534",
        "event_date": "1970/01/01 00:00:00+00",
        "country_name": "India",
        "state_name": "NER",
        "landslide_category": "Landslide / Debris flow",
        "trigger": "Rainfall / Monsoon",
        "fatalities": 0
      }
    },
    {
      "type": "Feature",
      "geometry": {
        "type": "Point",
        "coordinates": [
          93.76247995,
          21.20993146
        ]
      },
      "properties": {
        "event_id": "12536",
        "event_date": "1970/01/01 00:00:00+00",
        "country_name": "India",
        "state_name": "NER",
        "landslide_category": "Landslide / Debris flow",
        "trigger": "Rainfall / Monsoon",
        "fatalities": 0
      }
    },
    {
      "type": "Feature",
      "geometry": {
        "type": "Point",
        "coordinates": [
          93.75364087,
          21.21319943
        ]
      },
      "properties": {
        "event_id": "12545",
        "event_date": "1970/01/01 00:00:00+00",
        "country_name": "India",
        "state_name": "NER",
        "landslide_category": "Landslide / Debris flow",
        "trigger": "Rainfall / Monsoon",
        "fatalities": 0
      }
    },
    {
      "type": "Feature",
      "geometry": {
        "type": "Point",
        "coordinates": [
          92.000566,
          25.18159
        ]
      },
      "properties": {
        "event_id": "12720",
        "event_date": "2017/11/13 00:00:00+00",
        "country_name": "India",
        "state_name": "NER",
        "landslide_category": "Landslide / Debris flow",
        "trigger": "Rainfall / Monsoon",
        "fatalities": 0
      }
    },
    {
      "type": "Feature",
      "geometry": {
        "type": "Point",
        "coordinates": [
          91.9630294,
          25.51826286
        ]
      },
      "properties": {
        "event_id": "10989",
        "event_date": "2017/02/15 00:00:00+00",
        "country_name": "India",
        "state_name": "NER",
        "landslide_category": "Landslide / Debris flow",
        "trigger": "Rainfall / Monsoon",
        "fatalities": 0
      }
    },
    {
      "type": "Feature",
      "geometry": {
        "type": "Point",
        "coordinates": [
          93.76576621,
          21.20931175
        ]
      },
      "properties": {
        "event_id": "12538",
        "event_date": "1970/01/01 00:00:00+00",
        "country_name": "India",
        "state_name": "NER",
        "landslide_category": "Landslide / Debris flow",
        "trigger": "Rainfall / Monsoon",
        "fatalities": 0
      }
    },
    {
      "type": "Feature",
      "geometry": {
        "type": "Point",
        "coordinates": [
          93.496837,
          24.938948
        ]
      },
      "properties": {
        "event_id": "9701",
        "event_date": "2017/09/21 00:00:00+00",
        "country_name": "India",
        "state_name": "NER",
        "landslide_category": "Landslide / Debris flow",
        "trigger": "Rainfall / Monsoon",
        "fatalities": 0
      }
    },
    {
      "type": "Feature",
      "geometry": {
        "type": "Point",
        "coordinates": [
          93.8162627,
          21.1900967
        ]
      },
      "properties": {
        "event_id": "12560",
        "event_date": "1970/01/01 00:00:00+00",
        "country_name": "India",
        "state_name": "NER",
        "landslide_category": "Landslide / Debris flow",
        "trigger": "Rainfall / Monsoon",
        "fatalities": 0
      }
    },
    {
      "type": "Feature",
      "geometry": {
        "type": "Point",
        "coordinates": [
          93.77929664,
          21.16051262
        ]
      },
      "properties": {
        "event_id": "12563",
        "event_date": "1970/01/01 00:00:00+00",
        "country_name": "India",
        "state_name": "NER",
        "landslide_category": "Landslide / Debris flow",
        "trigger": "Rainfall / Monsoon",
        "fatalities": 0
      }
    },
    {
      "type": "Feature",
      "geometry": {
        "type": "Point",
        "coordinates": [
          91.3681,
          25.9611
        ]
      },
      "properties": {
        "event_id": "8684",
        "event_date": "2016/07/07 00:00:00+00",
        "country_name": "India",
        "state_name": "NER",
        "landslide_category": "Landslide / Debris flow",
        "trigger": "Rainfall / Monsoon",
        "fatalities": 0
      }
    },
    {
      "type": "Feature",
      "geometry": {
        "type": "Point",
        "coordinates": [
          88.4883,
          27.201
        ]
      },
      "properties": {
        "event_id": "241",
        "event_date": "2007/09/07 00:00:00+00",
        "country_name": "India",
        "state_name": "NER",
        "landslide_category": "Landslide / Debris flow",
        "trigger": "Rainfall / Monsoon",
        "fatalities": 0
      }
    },
    {
      "type": "Feature",
      "geometry": {
        "type": "Point",
        "coordinates": [
          95.9761,
          29.2409
        ]
      },
      "properties": {
        "event_id": "4392",
        "event_date": "2012/06/06 00:00:00+00",
        "country_name": "India",
        "state_name": "NER",
        "landslide_category": "Landslide / Debris flow",
        "trigger": "Rainfall / Monsoon",
        "fatalities": 0
      }
    },
    {
      "type": "Feature",
      "geometry": {
        "type": "Point",
        "coordinates": [
          91.25,
          26.3333
        ]
      },
      "properties": {
        "event_id": "868",
        "event_date": "2008/10/29 00:00:00+00",
        "country_name": "India",
        "state_name": "NER",
        "landslide_category": "Landslide / Debris flow",
        "trigger": "Rainfall / Monsoon",
        "fatalities": 0
      }
    },
    {
      "type": "Feature",
      "geometry": {
        "type": "Point",
        "coordinates": [
          88.6115,
          27.1954
        ]
      },
      "properties": {
        "event_id": "1168",
        "event_date": "2009/09/17 00:00:00+00",
        "country_name": "India",
        "state_name": "NER",
        "landslide_category": "Landslide / Debris flow",
        "trigger": "Rainfall / Monsoon",
        "fatalities": 0
      }
    },
    {
      "type": "Feature",
      "geometry": {
        "type": "Point",
        "coordinates": [
          94.0,
          27.163
        ]
      },
      "properties": {
        "event_id": "714",
        "event_date": "2008/08/14 00:00:00+00",
        "country_name": "India",
        "state_name": "NER",
        "landslide_category": "Landslide / Debris flow",
        "trigger": "Rainfall / Monsoon",
        "fatalities": 0
      }
    },
    {
      "type": "Feature",
      "geometry": {
        "type": "Point",
        "coordinates": [
          91.7697,
          26.1619
        ]
      },
      "properties": {
        "event_id": "6110",
        "event_date": "2014/06/27 00:00:00+00",
        "country_name": "India",
        "state_name": "NER",
        "landslide_category": "Landslide / Debris flow",
        "trigger": "Rainfall / Monsoon",
        "fatalities": 0
      }
    },
    {
      "type": "Feature",
      "geometry": {
        "type": "Point",
        "coordinates": [
          89.79033898,
          27.51353298
        ]
      },
      "properties": {
        "event_id": "11180",
        "event_date": "2017/07/08 00:00:00+00",
        "country_name": "India",
        "state_name": "NER",
        "landslide_category": "Landslide / Debris flow",
        "trigger": "Rainfall / Monsoon",
        "fatalities": 0
      }
    },
    {
      "type": "Feature",
      "geometry": {
        "type": "Point",
        "coordinates": [
          94.10065403,
          25.6320357
        ]
      },
      "properties": {
        "event_id": "11159",
        "event_date": "2017/07/09 00:00:00+00",
        "country_name": "India",
        "state_name": "NER",
        "landslide_category": "Landslide / Debris flow",
        "trigger": "Rainfall / Monsoon",
        "fatalities": 0
      }
    },
    {
      "type": "Feature",
      "geometry": {
        "type": "Point",
        "coordinates": [
          93.70684171,
          24.37169581
        ]
      },
      "properties": {
        "event_id": "10967",
        "event_date": "2017/07/10 00:00:00+00",
        "country_name": "India",
        "state_name": "NER",
        "landslide_category": "Landslide / Debris flow",
        "trigger": "Rainfall / Monsoon",
        "fatalities": 0
      }
    },
    {
      "type": "Feature",
      "geometry": {
        "type": "Point",
        "coordinates": [
          93.49870413,
          24.98793655
        ]
      },
      "properties": {
        "event_id": "11459",
        "event_date": "2018/06/03 00:00:00+00",
        "country_name": "India",
        "state_name": "NER",
        "landslide_category": "Landslide / Debris flow",
        "trigger": "Rainfall / Monsoon",
        "fatalities": 0
      }
    },
    {
      "type": "Feature",
      "geometry": {
        "type": "Point",
        "coordinates": [
          92.7581259,
          22.87370331
        ]
      },
      "properties": {
        "event_id": "11530",
        "event_date": "2018/06/05 00:00:00+00",
        "country_name": "India",
        "state_name": "NER",
        "landslide_category": "Landslide / Debris flow",
        "trigger": "Rainfall / Monsoon",
        "fatalities": 0
      }
    },
    {
      "type": "Feature",
      "geometry": {
        "type": "Point",
        "coordinates": [
          93.53429638,
          22.83502697
        ]
      },
      "properties": {
        "event_id": "11589",
        "event_date": "1970/01/01 00:00:00+00",
        "country_name": "India",
        "state_name": "NER",
        "landslide_category": "Landslide / Debris flow",
        "trigger": "Rainfall / Monsoon",
        "fatalities": 0
      }
    },
    {
      "type": "Feature",
      "geometry": {
        "type": "Point",
        "coordinates": [
          93.54076925,
          22.83695723
        ]
      },
      "properties": {
        "event_id": "11591",
        "event_date": "1970/01/01 00:00:00+00",
        "country_name": "India",
        "state_name": "NER",
        "landslide_category": "Landslide / Debris flow",
        "trigger": "Rainfall / Monsoon",
        "fatalities": 0
      }
    },
    {
      "type": "Feature",
      "geometry": {
        "type": "Point",
        "coordinates": [
          93.55782239,
          22.81173492
        ]
      },
      "properties": {
        "event_id": "11600",
        "event_date": "1970/01/01 00:00:00+00",
        "country_name": "India",
        "state_name": "NER",
        "landslide_category": "Landslide / Debris flow",
        "trigger": "Rainfall / Monsoon",
        "fatalities": 0
      }
    },
    {
      "type": "Feature",
      "geometry": {
        "type": "Point",
        "coordinates": [
          92.2121,
          25.463
        ]
      },
      "properties": {
        "event_id": "6968",
        "event_date": "2015/06/13 00:00:00+00",
        "country_name": "India",
        "state_name": "NER",
        "landslide_category": "Landslide / Debris flow",
        "trigger": "Rainfall / Monsoon",
        "fatalities": 0
      }
    },
    {
      "type": "Feature",
      "geometry": {
        "type": "Point",
        "coordinates": [
          93.8673,
          25.5265
        ]
      },
      "properties": {
        "event_id": "2577",
        "event_date": "2010/10/09 00:00:00+00",
        "country_name": "India",
        "state_name": "NER",
        "landslide_category": "Landslide / Debris flow",
        "trigger": "Rainfall / Monsoon",
        "fatalities": 0
      }
    },
    {
      "type": "Feature",
      "geometry": {
        "type": "Point",
        "coordinates": [
          89.5744,
          27.044
        ]
      },
      "properties": {
        "event_id": "1099",
        "event_date": "2009/08/18 00:00:00+00",
        "country_name": "India",
        "state_name": "NER",
        "landslide_category": "Landslide / Debris flow",
        "trigger": "Rainfall / Monsoon",
        "fatalities": 0
      }
    },
    {
      "type": "Feature",
      "geometry": {
        "type": "Point",
        "coordinates": [
          92.254563,
          21.46095997
        ]
      },
      "properties": {
        "event_id": "11503",
        "event_date": "2018/05/21 00:00:00+00",
        "country_name": "India",
        "state_name": "NER",
        "landslide_category": "Landslide / Debris flow",
        "trigger": "Rainfall / Monsoon",
        "fatalities": 0
      }
    },
    {
      "type": "Feature",
      "geometry": {
        "type": "Point",
        "coordinates": [
          93.50929162,
          22.88584463
        ]
      },
      "properties": {
        "event_id": "11582",
        "event_date": "1970/01/01 00:00:00+00",
        "country_name": "India",
        "state_name": "NER",
        "landslide_category": "Landslide / Debris flow",
        "trigger": "Rainfall / Monsoon",
        "fatalities": 0
      }
    },
    {
      "type": "Feature",
      "geometry": {
        "type": "Point",
        "coordinates": [
          93.54299738,
          22.87980861
        ]
      },
      "properties": {
        "event_id": "11587",
        "event_date": "1970/01/01 00:00:00+00",
        "country_name": "India",
        "state_name": "NER",
        "landslide_category": "Landslide / Debris flow",
        "trigger": "Rainfall / Monsoon",
        "fatalities": 0
      }
    },
    {
      "type": "Feature",
      "geometry": {
        "type": "Point",
        "coordinates": [
          93.54929979,
          22.83347245
        ]
      },
      "properties": {
        "event_id": "11598",
        "event_date": "1970/01/01 00:00:00+00",
        "country_name": "India",
        "state_name": "NER",
        "landslide_category": "Landslide / Debris flow",
        "trigger": "Rainfall / Monsoon",
        "fatalities": 0
      }
    },
    {
      "type": "Feature",
      "geometry": {
        "type": "Point",
        "coordinates": [
          97.63692285,
          24.09029342
        ]
      },
      "properties": {
        "event_id": "11944",
        "event_date": "1970/01/01 00:00:00+00",
        "country_name": "India",
        "state_name": "NER",
        "landslide_category": "Landslide / Debris flow",
        "trigger": "Rainfall / Monsoon",
        "fatalities": 0
      }
    },
    {
      "type": "Feature",
      "geometry": {
        "type": "Point",
        "coordinates": [
          94.42283644,
          22.12205993
        ]
      },
      "properties": {
        "event_id": "11980",
        "event_date": "1970/01/01 00:00:00+00",
        "country_name": "India",
        "state_name": "NER",
        "landslide_category": "Landslide / Debris flow",
        "trigger": "Rainfall / Monsoon",
        "fatalities": 0
      }
    },
    {
      "type": "Feature",
      "geometry": {
        "type": "Point",
        "coordinates": [
          92.62027766,
          21.12583877
        ]
      },
      "properties": {
        "event_id": "12001",
        "event_date": "1970/01/01 00:00:00+00",
        "country_name": "India",
        "state_name": "NER",
        "landslide_category": "Landslide / Debris flow",
        "trigger": "Rainfall / Monsoon",
        "fatalities": 0
      }
    },
    {
      "type": "Feature",
      "geometry": {
        "type": "Point",
        "coordinates": [
          97.44554018,
          25.69104397
        ]
      },
      "properties": {
        "event_id": "12094",
        "event_date": "1970/01/01 00:00:00+00",
        "country_name": "India",
        "state_name": "NER",
        "landslide_category": "Landslide / Debris flow",
        "trigger": "Rainfall / Monsoon",
        "fatalities": 0
      }
    },
    {
      "type": "Feature",
      "geometry": {
        "type": "Point",
        "coordinates": [
          97.43744967,
          25.66576073
        ]
      },
      "properties": {
        "event_id": "12107",
        "event_date": "1970/01/01 00:00:00+00",
        "country_name": "India",
        "state_name": "NER",
        "landslide_category": "Landslide / Debris flow",
        "trigger": "Rainfall / Monsoon",
        "fatalities": 0
      }
    },
    {
      "type": "Feature",
      "geometry": {
        "type": "Point",
        "coordinates": [
          97.44848233,
          25.68065616
        ]
      },
      "properties": {
        "event_id": "12109",
        "event_date": "1970/01/01 00:00:00+00",
        "country_name": "India",
        "state_name": "NER",
        "landslide_category": "Landslide / Debris flow",
        "trigger": "Rainfall / Monsoon",
        "fatalities": 0
      }
    },
    {
      "type": "Feature",
      "geometry": {
        "type": "Point",
        "coordinates": [
          92.68499099,
          21.19726026
        ]
      },
      "properties": {
        "event_id": "12131",
        "event_date": "1970/01/01 00:00:00+00",
        "country_name": "India",
        "state_name": "NER",
        "landslide_category": "Landslide / Debris flow",
        "trigger": "Rainfall / Monsoon",
        "fatalities": 0
      }
    },
    {
      "type": "Feature",
      "geometry": {
        "type": "Point",
        "coordinates": [
          93.9866863,
          21.18709558
        ]
      },
      "properties": {
        "event_id": "12136",
        "event_date": "1970/01/01 00:00:00+00",
        "country_name": "India",
        "state_name": "NER",
        "landslide_category": "Landslide / Debris flow",
        "trigger": "Rainfall / Monsoon",
        "fatalities": 0
      }
    },
    {
      "type": "Feature",
      "geometry": {
        "type": "Point",
        "coordinates": [
          88.3143,
          26.8572
        ]
      },
      "properties": {
        "event_id": "1054",
        "event_date": "2009/07/22 00:00:00+00",
        "country_name": "India",
        "state_name": "NER",
        "landslide_category": "Landslide / Debris flow",
        "trigger": "Rainfall / Monsoon",
        "fatalities": 0
      }
    },
    {
      "type": "Feature",
      "geometry": {
        "type": "Point",
        "coordinates": [
          88.605,
          27.6558
        ]
      },
      "properties": {
        "event_id": "4571",
        "event_date": "2012/09/19 00:00:00+00",
        "country_name": "India",
        "state_name": "NER",
        "landslide_category": "Landslide / Debris flow",
        "trigger": "Rainfall / Monsoon",
        "fatalities": 0
      }
    },
    {
      "type": "Feature",
      "geometry": {
        "type": "Point",
        "coordinates": [
          93.9413,
          25.7658
        ]
      },
      "properties": {
        "event_id": "5122",
        "event_date": "2013/07/17 00:00:00+00",
        "country_name": "India",
        "state_name": "NER",
        "landslide_category": "Landslide / Debris flow",
        "trigger": "Rainfall / Monsoon",
        "fatalities": 0
      }
    },
    {
      "type": "Feature",
      "geometry": {
        "type": "Point",
        "coordinates": [
          91.85158907,
          26.1061808
        ]
      },
      "properties": {
        "event_id": "9951",
        "event_date": "2017/07/03 00:00:00+00",
        "country_name": "India",
        "state_name": "NER",
        "landslide_category": "Landslide / Debris flow",
        "trigger": "Rainfall / Monsoon",
        "fatalities": 0
      }
    },
    {
      "type": "Feature",
      "geometry": {
        "type": "Point",
        "coordinates": [
          92.17584376,
          21.42181705
        ]
      },
      "properties": {
        "event_id": "9999",
        "event_date": "2017/07/05 00:00:00+00",
        "country_name": "India",
        "state_name": "NER",
        "landslide_category": "Landslide / Debris flow",
        "trigger": "Rainfall / Monsoon",
        "fatalities": 0
      }
    },
    {
      "type": "Feature",
      "geometry": {
        "type": "Point",
        "coordinates": [
          92.1117,
          21.444
        ]
      },
      "properties": {
        "event_id": "7003",
        "event_date": "2015/06/27 00:00:00+00",
        "country_name": "India",
        "state_name": "NER",
        "landslide_category": "Landslide / Debris flow",
        "trigger": "Rainfall / Monsoon",
        "fatalities": 0
      }
    },
    {
      "type": "Feature",
      "geometry": {
        "type": "Point",
        "coordinates": [
          94.0691,
          24.2451
        ]
      },
      "properties": {
        "event_id": "255",
        "event_date": "2007/09/10 00:00:00+00",
        "country_name": "India",
        "state_name": "NER",
        "landslide_category": "Landslide / Debris flow",
        "trigger": "Rainfall / Monsoon",
        "fatalities": 0
      }
    },
    {
      "type": "Feature",
      "geometry": {
        "type": "Point",
        "coordinates": [
          92.4951,
          21.9907
        ]
      },
      "properties": {
        "event_id": "5001",
        "event_date": "2013/06/30 00:00:00+00",
        "country_name": "India",
        "state_name": "NER",
        "landslide_category": "Landslide / Debris flow",
        "trigger": "Rainfall / Monsoon",
        "fatalities": 0
      }
    },
    {
      "type": "Feature",
      "geometry": {
        "type": "Point",
        "coordinates": [
          88.651914,
          27.360364
        ]
      },
      "properties": {
        "event_id": "11183",
        "event_date": "2017/07/10 00:00:00+00",
        "country_name": "India",
        "state_name": "NER",
        "landslide_category": "Landslide / Debris flow",
        "trigger": "Rainfall / Monsoon",
        "fatalities": 0
      }
    },
    {
      "type": "Feature",
      "geometry": {
        "type": "Point",
        "coordinates": [
          93.75079688,
          23.32140323
        ]
      },
      "properties": {
        "event_id": "10969",
        "event_date": "2017/03/19 00:00:00+00",
        "country_name": "India",
        "state_name": "NER",
        "landslide_category": "Landslide / Debris flow",
        "trigger": "Rainfall / Monsoon",
        "fatalities": 0
      }
    },
    {
      "type": "Feature",
      "geometry": {
        "type": "Point",
        "coordinates": [
          91.876717,
          25.82860033
        ]
      },
      "properties": {
        "event_id": "10986",
        "event_date": "2017/07/06 00:00:00+00",
        "country_name": "India",
        "state_name": "NER",
        "landslide_category": "Landslide / Debris flow",
        "trigger": "Rainfall / Monsoon",
        "fatalities": 0
      }
    },
    {
      "type": "Feature",
      "geometry": {
        "type": "Point",
        "coordinates": [
          91.49747518,
          24.02515388
        ]
      },
      "properties": {
        "event_id": "11357",
        "event_date": "2018/05/18 00:00:00+00",
        "country_name": "India",
        "state_name": "NER",
        "landslide_category": "Landslide / Debris flow",
        "trigger": "Rainfall / Monsoon",
        "fatalities": 0
      }
    },
    {
      "type": "Feature",
      "geometry": {
        "type": "Point",
        "coordinates": [
          88.29964797,
          26.9310409
        ]
      },
      "properties": {
        "event_id": "11394",
        "event_date": "2018/05/14 00:00:00+00",
        "country_name": "India",
        "state_name": "NER",
        "landslide_category": "Landslide / Debris flow",
        "trigger": "Rainfall / Monsoon",
        "fatalities": 0
      }
    },
    {
      "type": "Feature",
      "geometry": {
        "type": "Point",
        "coordinates": [
          97.10801055,
          24.42830815
        ]
      },
      "properties": {
        "event_id": "11947",
        "event_date": "1970/01/01 00:00:00+00",
        "country_name": "India",
        "state_name": "NER",
        "landslide_category": "Landslide / Debris flow",
        "trigger": "Rainfall / Monsoon",
        "fatalities": 0
      }
    },
    {
      "type": "Feature",
      "geometry": {
        "type": "Point",
        "coordinates": [
          93.3923707,
          21.85114257
        ]
      },
      "properties": {
        "event_id": "11959",
        "event_date": "1970/01/01 00:00:00+00",
        "country_name": "India",
        "state_name": "NER",
        "landslide_category": "Landslide / Debris flow",
        "trigger": "Rainfall / Monsoon",
        "fatalities": 0
      }
    },
    {
      "type": "Feature",
      "geometry": {
        "type": "Point",
        "coordinates": [
          93.57951721,
          22.49022987
        ]
      },
      "properties": {
        "event_id": "11963",
        "event_date": "1970/01/01 00:00:00+00",
        "country_name": "India",
        "state_name": "NER",
        "landslide_category": "Landslide / Debris flow",
        "trigger": "Rainfall / Monsoon",
        "fatalities": 0
      }
    },
    {
      "type": "Feature",
      "geometry": {
        "type": "Point",
        "coordinates": [
          94.52142415,
          22.50947728
        ]
      },
      "properties": {
        "event_id": "11981",
        "event_date": "1970/01/01 00:00:00+00",
        "country_name": "India",
        "state_name": "NER",
        "landslide_category": "Landslide / Debris flow",
        "trigger": "Rainfall / Monsoon",
        "fatalities": 0
      }
    },
    {
      "type": "Feature",
      "geometry": {
        "type": "Point",
        "coordinates": [
          96.89924192,
          25.18419114
        ]
      },
      "properties": {
        "event_id": "12074",
        "event_date": "1970/01/01 00:00:00+00",
        "country_name": "India",
        "state_name": "NER",
        "landslide_category": "Landslide / Debris flow",
        "trigger": "Rainfall / Monsoon",
        "fatalities": 0
      }
    },
    {
      "type": "Feature",
      "geometry": {
        "type": "Point",
        "coordinates": [
          97.04733005,
          25.60667381
        ]
      },
      "properties": {
        "event_id": "12075",
        "event_date": "1970/01/01 00:00:00+00",
        "country_name": "India",
        "state_name": "NER",
        "landslide_category": "Landslide / Debris flow",
        "trigger": "Rainfall / Monsoon",
        "fatalities": 0
      }
    },
    {
      "type": "Feature",
      "geometry": {
        "type": "Point",
        "coordinates": [
          97.43552072,
          25.66712255
        ]
      },
      "properties": {
        "event_id": "12104",
        "event_date": "1970/01/01 00:00:00+00",
        "country_name": "India",
        "state_name": "NER",
        "landslide_category": "Landslide / Debris flow",
        "trigger": "Rainfall / Monsoon",
        "fatalities": 0
      }
    },
    {
      "type": "Feature",
      "geometry": {
        "type": "Point",
        "coordinates": [
          97.44798551,
          25.68041529
        ]
      },
      "properties": {
        "event_id": "12110",
        "event_date": "1970/01/01 00:00:00+00",
        "country_name": "India",
        "state_name": "NER",
        "landslide_category": "Landslide / Debris flow",
        "trigger": "Rainfall / Monsoon",
        "fatalities": 0
      }
    },
    {
      "type": "Feature",
      "geometry": {
        "type": "Point",
        "coordinates": [
          97.44632954,
          25.68182337
        ]
      },
      "properties": {
        "event_id": "12114",
        "event_date": "1970/01/01 00:00:00+00",
        "country_name": "India",
        "state_name": "NER",
        "landslide_category": "Landslide / Debris flow",
        "trigger": "Rainfall / Monsoon",
        "fatalities": 0
      }
    },
    {
      "type": "Feature",
      "geometry": {
        "type": "Point",
        "coordinates": [
          97.45642412,
          25.67751277
        ]
      },
      "properties": {
        "event_id": "12123",
        "event_date": "1970/01/01 00:00:00+00",
        "country_name": "India",
        "state_name": "NER",
        "landslide_category": "Landslide / Debris flow",
        "trigger": "Rainfall / Monsoon",
        "fatalities": 0
      }
    },
    {
      "type": "Feature",
      "geometry": {
        "type": "Point",
        "coordinates": [
          93.82596539,
          21.71356332
        ]
      },
      "properties": {
        "event_id": "12150",
        "event_date": "1970/01/01 00:00:00+00",
        "country_name": "India",
        "state_name": "NER",
        "landslide_category": "Landslide / Debris flow",
        "trigger": "Rainfall / Monsoon",
        "fatalities": 0
      }
    },
    {
      "type": "Feature",
      "geometry": {
        "type": "Point",
        "coordinates": [
          97.63661878,
          26.12800732
        ]
      },
      "properties": {
        "event_id": "12301",
        "event_date": "1970/01/01 00:00:00+00",
        "country_name": "India",
        "state_name": "NER",
        "landslide_category": "Landslide / Debris flow",
        "trigger": "Rainfall / Monsoon",
        "fatalities": 0
      }
    },
    {
      "type": "Feature",
      "geometry": {
        "type": "Point",
        "coordinates": [
          93.79863288,
          21.15732082
        ]
      },
      "properties": {
        "event_id": "12562",
        "event_date": "1970/01/01 00:00:00+00",
        "country_name": "India",
        "state_name": "NER",
        "landslide_category": "Landslide / Debris flow",
        "trigger": "Rainfall / Monsoon",
        "fatalities": 0
      }
    },
    {
      "type": "Feature",
      "geometry": {
        "type": "Point",
        "coordinates": [
          93.73457515,
          21.153437
        ]
      },
      "properties": {
        "event_id": "12565",
        "event_date": "1970/01/01 00:00:00+00",
        "country_name": "India",
        "state_name": "NER",
        "landslide_category": "Landslide / Debris flow",
        "trigger": "Rainfall / Monsoon",
        "fatalities": 0
      }
    },
    {
      "type": "Feature",
      "geometry": {
        "type": "Point",
        "coordinates": [
          94.05056711,
          23.82041737
        ]
      },
      "properties": {
        "event_id": "11942",
        "event_date": "1970/01/01 00:00:00+00",
        "country_name": "India",
        "state_name": "NER",
        "landslide_category": "Landslide / Debris flow",
        "trigger": "Rainfall / Monsoon",
        "fatalities": 0
      }
    },
    {
      "type": "Feature",
      "geometry": {
        "type": "Point",
        "coordinates": [
          97.65411333,
          24.09201289
        ]
      },
      "properties": {
        "event_id": "11945",
        "event_date": "1970/01/01 00:00:00+00",
        "country_name": "India",
        "state_name": "NER",
        "landslide_category": "Landslide / Debris flow",
        "trigger": "Rainfall / Monsoon",
        "fatalities": 0
      }
    },
    {
      "type": "Feature",
      "geometry": {
        "type": "Point",
        "coordinates": [
          92.61180537,
          21.78495297
        ]
      },
      "properties": {
        "event_id": "11950",
        "event_date": "1970/01/01 00:00:00+00",
        "country_name": "India",
        "state_name": "NER",
        "landslide_category": "Landslide / Debris flow",
        "trigger": "Rainfall / Monsoon",
        "fatalities": 0
      }
    },
    {
      "type": "Feature",
      "geometry": {
        "type": "Point",
        "coordinates": [
          92.80555893,
          22.05279393
        ]
      },
      "properties": {
        "event_id": "11952",
        "event_date": "1970/01/01 00:00:00+00",
        "country_name": "India",
        "state_name": "NER",
        "landslide_category": "Landslide / Debris flow",
        "trigger": "Rainfall / Monsoon",
        "fatalities": 0
      }
    },
    {
      "type": "Feature",
      "geometry": {
        "type": "Point",
        "coordinates": [
          93.57156663,
          22.49360929
        ]
      },
      "properties": {
        "event_id": "11966",
        "event_date": "1970/01/01 00:00:00+00",
        "country_name": "India",
        "state_name": "NER",
        "landslide_category": "Landslide / Debris flow",
        "trigger": "Rainfall / Monsoon",
        "fatalities": 0
      }
    },
    {
      "type": "Feature",
      "geometry": {
        "type": "Point",
        "coordinates": [
          97.52981072,
          25.87083924
        ]
      },
      "properties": {
        "event_id": "12077",
        "event_date": "1970/01/01 00:00:00+00",
        "country_name": "India",
        "state_name": "NER",
        "landslide_category": "Landslide / Debris flow",
        "trigger": "Rainfall / Monsoon",
        "fatalities": 0
      }
    },
    {
      "type": "Feature",
      "geometry": {
        "type": "Point",
        "coordinates": [
          97.4624121,
          25.68615627
        ]
      },
      "properties": {
        "event_id": "12082",
        "event_date": "1970/01/01 00:00:00+00",
        "country_name": "India",
        "state_name": "NER",
        "landslide_category": "Landslide / Debris flow",
        "trigger": "Rainfall / Monsoon",
        "fatalities": 0
      }
    },
    {
      "type": "Feature",
      "geometry": {
        "type": "Point",
        "coordinates": [
          97.46423257,
          25.68765121
        ]
      },
      "properties": {
        "event_id": "12084",
        "event_date": "1970/01/01 00:00:00+00",
        "country_name": "India",
        "state_name": "NER",
        "landslide_category": "Landslide / Debris flow",
        "trigger": "Rainfall / Monsoon",
        "fatalities": 0
      }
    },
    {
      "type": "Feature",
      "geometry": {
        "type": "Point",
        "coordinates": [
          97.4371419,
          25.66408954
        ]
      },
      "properties": {
        "event_id": "12108",
        "event_date": "1970/01/01 00:00:00+00",
        "country_name": "India",
        "state_name": "NER",
        "landslide_category": "Landslide / Debris flow",
        "trigger": "Rainfall / Monsoon",
        "fatalities": 0
      }
    },
    {
      "type": "Feature",
      "geometry": {
        "type": "Point",
        "coordinates": [
          97.45348362,
          25.67776777
        ]
      },
      "properties": {
        "event_id": "12124",
        "event_date": "1970/01/01 00:00:00+00",
        "country_name": "India",
        "state_name": "NER",
        "landslide_category": "Landslide / Debris flow",
        "trigger": "Rainfall / Monsoon",
        "fatalities": 0
      }
    },
    {
      "type": "Feature",
      "geometry": {
        "type": "Point",
        "coordinates": [
          92.60991934,
          21.62762248
        ]
      },
      "properties": {
        "event_id": "12153",
        "event_date": "1970/01/01 00:00:00+00",
        "country_name": "India",
        "state_name": "NER",
        "landslide_category": "Landslide / Debris flow",
        "trigger": "Rainfall / Monsoon",
        "fatalities": 0
      }
    },
    {
      "type": "Feature",
      "geometry": {
        "type": "Point",
        "coordinates": [
          97.20295574,
          26.0938302
        ]
      },
      "properties": {
        "event_id": "12296",
        "event_date": "1970/01/01 00:00:00+00",
        "country_name": "India",
        "state_name": "NER",
        "landslide_category": "Landslide / Debris flow",
        "trigger": "Rainfall / Monsoon",
        "fatalities": 0
      }
    },
    {
      "type": "Feature",
      "geometry": {
        "type": "Point",
        "coordinates": [
          97.19520685,
          26.08883668
        ]
      },
      "properties": {
        "event_id": "12297",
        "event_date": "1970/01/01 00:00:00+00",
        "country_name": "India",
        "state_name": "NER",
        "landslide_category": "Landslide / Debris flow",
        "trigger": "Rainfall / Monsoon",
        "fatalities": 0
      }
    },
    {
      "type": "Feature",
      "geometry": {
        "type": "Point",
        "coordinates": [
          97.20154868,
          26.10256624
        ]
      },
      "properties": {
        "event_id": "12299",
        "event_date": "1970/01/01 00:00:00+00",
        "country_name": "India",
        "state_name": "NER",
        "landslide_category": "Landslide / Debris flow",
        "trigger": "Rainfall / Monsoon",
        "fatalities": 0
      }
    },
    {
      "type": "Feature",
      "geometry": {
        "type": "Point",
        "coordinates": [
          93.76942473,
          21.26587881
        ]
      },
      "properties": {
        "event_id": "12568",
        "event_date": "1970/01/01 00:00:00+00",
        "country_name": "India",
        "state_name": "NER",
        "landslide_category": "Landslide / Debris flow",
        "trigger": "Rainfall / Monsoon",
        "fatalities": 0
      }
    },
    {
      "type": "Feature",
      "geometry": {
        "type": "Point",
        "coordinates": [
          92.22099982,
          22.74955141
        ]
      },
      "properties": {
        "event_id": "9942",
        "event_date": "2017/06/13 00:00:00+00",
        "country_name": "India",
        "state_name": "NER",
        "landslide_category": "Landslide / Debris flow",
        "trigger": "Rainfall / Monsoon",
        "fatalities": 0
      }
    },
    {
      "type": "Feature",
      "geometry": {
        "type": "Point",
        "coordinates": [
          93.7706,
          27.1249
        ]
      },
      "properties": {
        "event_id": "6222",
        "event_date": "2014/10/01 00:00:00+00",
        "country_name": "India",
        "state_name": "NER",
        "landslide_category": "Landslide / Debris flow",
        "trigger": "Rainfall / Monsoon",
        "fatalities": 0
      }
    },
    {
      "type": "Feature",
      "geometry": {
        "type": "Point",
        "coordinates": [
          93.4093,
          25.0672
        ]
      },
      "properties": {
        "event_id": "3525",
        "event_date": "2011/05/22 00:00:00+00",
        "country_name": "India",
        "state_name": "NER",
        "landslide_category": "Landslide / Debris flow",
        "trigger": "Rainfall / Monsoon",
        "fatalities": 0
      }
    },
    {
      "type": "Feature",
      "geometry": {
        "type": "Point",
        "coordinates": [
          88.4314,
          26.9974
        ]
      },
      "properties": {
        "event_id": "6966",
        "event_date": "2015/06/17 00:00:00+00",
        "country_name": "India",
        "state_name": "NER",
        "landslide_category": "Landslide / Debris flow",
        "trigger": "Rainfall / Monsoon",
        "fatalities": 0
      }
    },
    {
      "type": "Feature",
      "geometry": {
        "type": "Point",
        "coordinates": [
          94.0489,
          25.4477
        ]
      },
      "properties": {
        "event_id": "7263",
        "event_date": "2015/07/22 00:00:00+00",
        "country_name": "India",
        "state_name": "NER",
        "landslide_category": "Landslide / Debris flow",
        "trigger": "Rainfall / Monsoon",
        "fatalities": 0
      }
    },
    {
      "type": "Feature",
      "geometry": {
        "type": "Point",
        "coordinates": [
          93.9827,
          25.4538
        ]
      },
      "properties": {
        "event_id": "7264",
        "event_date": "2015/07/22 00:00:00+00",
        "country_name": "India",
        "state_name": "NER",
        "landslide_category": "Landslide / Debris flow",
        "trigger": "Rainfall / Monsoon",
        "fatalities": 0
      }
    },
    {
      "type": "Feature",
      "geometry": {
        "type": "Point",
        "coordinates": [
          95.8044,
          29.7929
        ]
      },
      "properties": {
        "event_id": "6119",
        "event_date": "2014/07/01 00:00:00+00",
        "country_name": "India",
        "state_name": "NER",
        "landslide_category": "Landslide / Debris flow",
        "trigger": "Rainfall / Monsoon",
        "fatalities": 0
      }
    },
    {
      "type": "Feature",
      "geometry": {
        "type": "Point",
        "coordinates": [
          94.1139,
          25.6269
        ]
      },
      "properties": {
        "event_id": "5087",
        "event_date": "2013/07/12 00:00:00+00",
        "country_name": "India",
        "state_name": "NER",
        "landslide_category": "Landslide / Debris flow",
        "trigger": "Rainfall / Monsoon",
        "fatalities": 0
      }
    },
    {
      "type": "Feature",
      "geometry": {
        "type": "Point",
        "coordinates": [
          93.83042574,
          21.70608051
        ]
      },
      "properties": {
        "event_id": "12151",
        "event_date": "1970/01/01 00:00:00+00",
        "country_name": "India",
        "state_name": "NER",
        "landslide_category": "Landslide / Debris flow",
        "trigger": "Rainfall / Monsoon",
        "fatalities": 0
      }
    },
    {
      "type": "Feature",
      "geometry": {
        "type": "Point",
        "coordinates": [
          92.61034761,
          21.6431551
        ]
      },
      "properties": {
        "event_id": "12154",
        "event_date": "1970/01/01 00:00:00+00",
        "country_name": "India",
        "state_name": "NER",
        "landslide_category": "Landslide / Debris flow",
        "trigger": "Rainfall / Monsoon",
        "fatalities": 0
      }
    },
    {
      "type": "Feature",
      "geometry": {
        "type": "Point",
        "coordinates": [
          92.6090751,
          21.65830573
        ]
      },
      "properties": {
        "event_id": "12155",
        "event_date": "1970/01/01 00:00:00+00",
        "country_name": "India",
        "state_name": "NER",
        "landslide_category": "Landslide / Debris flow",
        "trigger": "Rainfall / Monsoon",
        "fatalities": 0
      }
    },
    {
      "type": "Feature",
      "geometry": {
        "type": "Point",
        "coordinates": [
          92.6930628,
          21.56646582
        ]
      },
      "properties": {
        "event_id": "12156",
        "event_date": "1970/01/01 00:00:00+00",
        "country_name": "India",
        "state_name": "NER",
        "landslide_category": "Landslide / Debris flow",
        "trigger": "Rainfall / Monsoon",
        "fatalities": 0
      }
    },
    {
      "type": "Feature",
      "geometry": {
        "type": "Point",
        "coordinates": [
          93.0916346,
          21.37085464
        ]
      },
      "properties": {
        "event_id": "12159",
        "event_date": "1970/01/01 00:00:00+00",
        "country_name": "India",
        "state_name": "NER",
        "landslide_category": "Landslide / Debris flow",
        "trigger": "Rainfall / Monsoon",
        "fatalities": 0
      }
    },
    {
      "type": "Feature",
      "geometry": {
        "type": "Point",
        "coordinates": [
          93.09444423,
          21.36636823
        ]
      },
      "properties": {
        "event_id": "12160",
        "event_date": "1970/01/01 00:00:00+00",
        "country_name": "India",
        "state_name": "NER",
        "landslide_category": "Landslide / Debris flow",
        "trigger": "Rainfall / Monsoon",
        "fatalities": 0
      }
    },
    {
      "type": "Feature",
      "geometry": {
        "type": "Point",
        "coordinates": [
          93.09897346,
          21.37306875
        ]
      },
      "properties": {
        "event_id": "12164",
        "event_date": "1970/01/01 00:00:00+00",
        "country_name": "India",
        "state_name": "NER",
        "landslide_category": "Landslide / Debris flow",
        "trigger": "Rainfall / Monsoon",
        "fatalities": 0
      }
    },
    {
      "type": "Feature",
      "geometry": {
        "type": "Point",
        "coordinates": [
          93.12684889,
          21.39938267
        ]
      },
      "properties": {
        "event_id": "12171",
        "event_date": "1970/01/01 00:00:00+00",
        "country_name": "India",
        "state_name": "NER",
        "landslide_category": "Landslide / Debris flow",
        "trigger": "Rainfall / Monsoon",
        "fatalities": 0
      }
    },
    {
      "type": "Feature",
      "geometry": {
        "type": "Point",
        "coordinates": [
          97.17347044,
          26.11663958
        ]
      },
      "properties": {
        "event_id": "12300",
        "event_date": "1970/01/01 00:00:00+00",
        "country_name": "India",
        "state_name": "NER",
        "landslide_category": "Landslide / Debris flow",
        "trigger": "Rainfall / Monsoon",
        "fatalities": 0
      }
    },
    {
      "type": "Feature",
      "geometry": {
        "type": "Point",
        "coordinates": [
          93.78557201,
          21.18758232
        ]
      },
      "properties": {
        "event_id": "12557",
        "event_date": "1970/01/01 00:00:00+00",
        "country_name": "India",
        "state_name": "NER",
        "landslide_category": "Landslide / Debris flow",
        "trigger": "Rainfall / Monsoon",
        "fatalities": 0
      }
    },
    {
      "type": "Feature",
      "geometry": {
        "type": "Point",
        "coordinates": [
          94.098536,
          25.658708
        ]
      },
      "properties": {
        "event_id": "12714",
        "event_date": "2017/09/30 00:00:00+00",
        "country_name": "India",
        "state_name": "NER",
        "landslide_category": "Landslide / Debris flow",
        "trigger": "Rainfall / Monsoon",
        "fatalities": 0
      }
    },
    {
      "type": "Feature",
      "geometry": {
        "type": "Point",
        "coordinates": [
          93.63981,
          25.55544
        ]
      },
      "properties": {
        "event_id": "12718",
        "event_date": "2017/08/28 00:00:00+00",
        "country_name": "India",
        "state_name": "NER",
        "landslide_category": "Landslide / Debris flow",
        "trigger": "Rainfall / Monsoon",
        "fatalities": 0
      }
    },
    {
      "type": "Feature",
      "geometry": {
        "type": "Point",
        "coordinates": [
          93.0515,
          27.8837
        ]
      },
      "properties": {
        "event_id": "5250",
        "event_date": "2013/08/01 00:00:00+00",
        "country_name": "India",
        "state_name": "NER",
        "landslide_category": "Landslide / Debris flow",
        "trigger": "Rainfall / Monsoon",
        "fatalities": 0
      }
    },
    {
      "type": "Feature",
      "geometry": {
        "type": "Point",
        "coordinates": [
          97.7991,
          29.176
        ]
      },
      "properties": {
        "event_id": "1777",
        "event_date": "2010/04/23 00:00:00+00",
        "country_name": "India",
        "state_name": "NER",
        "landslide_category": "Landslide / Debris flow",
        "trigger": "Rainfall / Monsoon",
        "fatalities": 0
      }
    },
    {
      "type": "Feature",
      "geometry": {
        "type": "Point",
        "coordinates": [
          92.1991,
          21.7773
        ]
      },
      "properties": {
        "event_id": "7365",
        "event_date": "2015/08/01 00:00:00+00",
        "country_name": "India",
        "state_name": "NER",
        "landslide_category": "Landslide / Debris flow",
        "trigger": "Rainfall / Monsoon",
        "fatalities": 0
      }
    },
    {
      "type": "Feature",
      "geometry": {
        "type": "Point",
        "coordinates": [
          94.3551,
          24.819
        ]
      },
      "properties": {
        "event_id": "7364",
        "event_date": "2015/07/31 00:00:00+00",
        "country_name": "India",
        "state_name": "NER",
        "landslide_category": "Landslide / Debris flow",
        "trigger": "Rainfall / Monsoon",
        "fatalities": 0
      }
    },
    {
      "type": "Feature",
      "geometry": {
        "type": "Point",
        "coordinates": [
          88.632,
          27.7565
        ]
      },
      "properties": {
        "event_id": "4393",
        "event_date": "2012/06/07 00:00:00+00",
        "country_name": "India",
        "state_name": "NER",
        "landslide_category": "Landslide / Debris flow",
        "trigger": "Rainfall / Monsoon",
        "fatalities": 0
      }
    },
    {
      "type": "Feature",
      "geometry": {
        "type": "Point",
        "coordinates": [
          94.1136,
          25.6237
        ]
      },
      "properties": {
        "event_id": "7660",
        "event_date": "2015/08/12 00:00:00+00",
        "country_name": "India",
        "state_name": "NER",
        "landslide_category": "Landslide / Debris flow",
        "trigger": "Rainfall / Monsoon",
        "fatalities": 0
      }
    },
    {
      "type": "Feature",
      "geometry": {
        "type": "Point",
        "coordinates": [
          92.3333,
          22.0
        ]
      },
      "properties": {
        "event_id": "1980",
        "event_date": "2010/06/15 00:00:00+00",
        "country_name": "India",
        "state_name": "NER",
        "landslide_category": "Landslide / Debris flow",
        "trigger": "Rainfall / Monsoon",
        "fatalities": 0
      }
    },
    {
      "type": "Feature",
      "geometry": {
        "type": "Point",
        "coordinates": [
          94.8422,
          26.148
        ]
      },
      "properties": {
        "event_id": "2247",
        "event_date": "2010/08/14 00:00:00+00",
        "country_name": "India",
        "state_name": "NER",
        "landslide_category": "Landslide / Debris flow",
        "trigger": "Rainfall / Monsoon",
        "fatalities": 0
      }
    },
    {
      "type": "Feature",
      "geometry": {
        "type": "Point",
        "coordinates": [
          91.9022,
          24.896
        ]
      },
      "properties": {
        "event_id": "683",
        "event_date": "2008/08/01 00:00:00+00",
        "country_name": "India",
        "state_name": "NER",
        "landslide_category": "Landslide / Debris flow",
        "trigger": "Rainfall / Monsoon",
        "fatalities": 0
      }
    },
    {
      "type": "Feature",
      "geometry": {
        "type": "Point",
        "coordinates": [
          88.1667,
          26.8992
        ]
      },
      "properties": {
        "event_id": "1106",
        "event_date": "2009/08/20 00:00:00+00",
        "country_name": "India",
        "state_name": "NER",
        "landslide_category": "Landslide / Debris flow",
        "trigger": "Rainfall / Monsoon",
        "fatalities": 0
      }
    },
    {
      "type": "Feature",
      "geometry": {
        "type": "Point",
        "coordinates": [
          88.11,
          26.7903
        ]
      },
      "properties": {
        "event_id": "10022",
        "event_date": "2016/08/09 00:00:00+00",
        "country_name": "India",
        "state_name": "NER",
        "landslide_category": "Landslide / Debris flow",
        "trigger": "Rainfall / Monsoon",
        "fatalities": 0
      }
    },
    {
      "type": "Feature",
      "geometry": {
        "type": "Point",
        "coordinates": [
          94.0132,
          25.7055
        ]
      },
      "properties": {
        "event_id": "313",
        "event_date": "2007/10/16 00:00:00+00",
        "country_name": "India",
        "state_name": "NER",
        "landslide_category": "Landslide / Debris flow",
        "trigger": "Rainfall / Monsoon",
        "fatalities": 0
      }
    },
    {
      "type": "Feature",
      "geometry": {
        "type": "Point",
        "coordinates": [
          88.26181745,
          26.84850975
        ]
      },
      "properties": {
        "event_id": "3617",
        "event_date": "2011/06/17 00:00:00+00",
        "country_name": "India",
        "state_name": "NER",
        "landslide_category": "Landslide / Debris flow",
        "trigger": "Rainfall / Monsoon",
        "fatalities": 0
      }
    },
    {
      "type": "Feature",
      "geometry": {
        "type": "Point",
        "coordinates": [
          92.8551,
          25.0888
        ]
      },
      "properties": {
        "event_id": "3532",
        "event_date": "2011/05/24 00:00:00+00",
        "country_name": "India",
        "state_name": "NER",
        "landslide_category": "Landslide / Debris flow",
        "trigger": "Rainfall / Monsoon",
        "fatalities": 0
      }
    },
    {
      "type": "Feature",
      "geometry": {
        "type": "Point",
        "coordinates": [
          90.2191,
          25.5084
        ]
      },
      "properties": {
        "event_id": "6970",
        "event_date": "2015/06/16 00:00:00+00",
        "country_name": "India",
        "state_name": "NER",
        "landslide_category": "Landslide / Debris flow",
        "trigger": "Rainfall / Monsoon",
        "fatalities": 0
      }
    },
    {
      "type": "Feature",
      "geometry": {
        "type": "Point",
        "coordinates": [
          88.4695,
          26.8692
        ]
      },
      "properties": {
        "event_id": "9587",
        "event_date": "2016/10/12 00:00:00+00",
        "country_name": "India",
        "state_name": "NER",
        "landslide_category": "Landslide / Debris flow",
        "trigger": "Rainfall / Monsoon",
        "fatalities": 0
      }
    },
    {
      "type": "Feature",
      "geometry": {
        "type": "Point",
        "coordinates": [
          91.8147,
          22.3507
        ]
      },
      "properties": {
        "event_id": "7223",
        "event_date": "2015/07/19 00:00:00+00",
        "country_name": "India",
        "state_name": "NER",
        "landslide_category": "Landslide / Debris flow",
        "trigger": "Rainfall / Monsoon",
        "fatalities": 0
      }
    },
    {
      "type": "Feature",
      "geometry": {
        "type": "Point",
        "coordinates": [
          88.456,
          27.0678
        ]
      },
      "properties": {
        "event_id": "7039",
        "event_date": "2015/07/01 00:00:00+00",
        "country_name": "India",
        "state_name": "NER",
        "landslide_category": "Landslide / Debris flow",
        "trigger": "Rainfall / Monsoon",
        "fatalities": 0
      }
    },
    {
      "type": "Feature",
      "geometry": {
        "type": "Point",
        "coordinates": [
          88.3052,
          26.8712
        ]
      },
      "properties": {
        "event_id": "2034",
        "event_date": "2010/07/04 00:00:00+00",
        "country_name": "India",
        "state_name": "NER",
        "landslide_category": "Landslide / Debris flow",
        "trigger": "Rainfall / Monsoon",
        "fatalities": 0
      }
    },
    {
      "type": "Feature",
      "geometry": {
        "type": "Point",
        "coordinates": [
          89.57220662,
          27.02856666
        ]
      },
      "properties": {
        "event_id": "11179",
        "event_date": "2017/07/08 00:00:00+00",
        "country_name": "India",
        "state_name": "NER",
        "landslide_category": "Landslide / Debris flow",
        "trigger": "Rainfall / Monsoon",
        "fatalities": 0
      }
    },
    {
      "type": "Feature",
      "geometry": {
        "type": "Point",
        "coordinates": [
          89.45570226,
          25.64319355
        ]
      },
      "properties": {
        "event_id": "10864",
        "event_date": "2017/02/07 00:00:00+00",
        "country_name": "India",
        "state_name": "NER",
        "landslide_category": "Landslide / Debris flow",
        "trigger": "Rainfall / Monsoon",
        "fatalities": 0
      }
    },
    {
      "type": "Feature",
      "geometry": {
        "type": "Point",
        "coordinates": [
          88.28650466,
          26.89962682
        ]
      },
      "properties": {
        "event_id": "1096",
        "event_date": "2009/08/16 00:00:00+00",
        "country_name": "India",
        "state_name": "NER",
        "landslide_category": "Landslide / Debris flow",
        "trigger": "Rainfall / Monsoon",
        "fatalities": 0
      }
    },
    {
      "type": "Feature",
      "geometry": {
        "type": "Point",
        "coordinates": [
          92.59001283,
          21.72229543
        ]
      },
      "properties": {
        "event_id": "11948",
        "event_date": "1970/01/01 00:00:00+00",
        "country_name": "India",
        "state_name": "NER",
        "landslide_category": "Landslide / Debris flow",
        "trigger": "Rainfall / Monsoon",
        "fatalities": 0
      }
    },
    {
      "type": "Feature",
      "geometry": {
        "type": "Point",
        "coordinates": [
          92.59867302,
          21.77346605
        ]
      },
      "properties": {
        "event_id": "11949",
        "event_date": "1970/01/01 00:00:00+00",
        "country_name": "India",
        "state_name": "NER",
        "landslide_category": "Landslide / Debris flow",
        "trigger": "Rainfall / Monsoon",
        "fatalities": 0
      }
    },
    {
      "type": "Feature",
      "geometry": {
        "type": "Point",
        "coordinates": [
          92.62289556,
          21.12667356
        ]
      },
      "properties": {
        "event_id": "12000",
        "event_date": "1970/01/01 00:00:00+00",
        "country_name": "India",
        "state_name": "NER",
        "landslide_category": "Landslide / Debris flow",
        "trigger": "Rainfall / Monsoon",
        "fatalities": 0
      }
    },
    {
      "type": "Feature",
      "geometry": {
        "type": "Point",
        "coordinates": [
          97.46275651,
          25.68722869
        ]
      },
      "properties": {
        "event_id": "12083",
        "event_date": "1970/01/01 00:00:00+00",
        "country_name": "India",
        "state_name": "NER",
        "landslide_category": "Landslide / Debris flow",
        "trigger": "Rainfall / Monsoon",
        "fatalities": 0
      }
    },
    {
      "type": "Feature",
      "geometry": {
        "type": "Point",
        "coordinates": [
          97.44175239,
          25.6802945
        ]
      },
      "properties": {
        "event_id": "12119",
        "event_date": "1970/01/01 00:00:00+00",
        "country_name": "India",
        "state_name": "NER",
        "landslide_category": "Landslide / Debris flow",
        "trigger": "Rainfall / Monsoon",
        "fatalities": 0
      }
    },
    {
      "type": "Feature",
      "geometry": {
        "type": "Point",
        "coordinates": [
          92.62244304,
          21.1455652
        ]
      },
      "properties": {
        "event_id": "12128",
        "event_date": "1970/01/01 00:00:00+00",
        "country_name": "India",
        "state_name": "NER",
        "landslide_category": "Landslide / Debris flow",
        "trigger": "Rainfall / Monsoon",
        "fatalities": 0
      }
    },
    {
      "type": "Feature",
      "geometry": {
        "type": "Point",
        "coordinates": [
          93.09853132,
          21.37289707
        ]
      },
      "properties": {
        "event_id": "12162",
        "event_date": "1970/01/01 00:00:00+00",
        "country_name": "India",
        "state_name": "NER",
        "landslide_category": "Landslide / Debris flow",
        "trigger": "Rainfall / Monsoon",
        "fatalities": 0
      }
    },
    {
      "type": "Feature",
      "geometry": {
        "type": "Point",
        "coordinates": [
          91.6591,
          22.6205
        ]
      },
      "properties": {
        "event_id": "4743",
        "event_date": "2013/01/30 00:00:00+00",
        "country_name": "India",
        "state_name": "NER",
        "landslide_category": "Landslide / Debris flow",
        "trigger": "Rainfall / Monsoon",
        "fatalities": 0
      }
    },
    {
      "type": "Feature",
      "geometry": {
        "type": "Point",
        "coordinates": [
          91.8342,
          26.1324
        ]
      },
      "properties": {
        "event_id": "6284",
        "event_date": "2014/09/22 00:00:00+00",
        "country_name": "India",
        "state_name": "NER",
        "landslide_category": "Landslide / Debris flow",
        "trigger": "Rainfall / Monsoon",
        "fatalities": 0
      }
    },
    {
      "type": "Feature",
      "geometry": {
        "type": "Point",
        "coordinates": [
          94.7844,
          25.8702
        ]
      },
      "properties": {
        "event_id": "9251",
        "event_date": "2016/07/28 00:00:00+00",
        "country_name": "India",
        "state_name": "NER",
        "landslide_category": "Landslide / Debris flow",
        "trigger": "Rainfall / Monsoon",
        "fatalities": 0
      }
    },
    {
      "type": "Feature",
      "geometry": {
        "type": "Point",
        "coordinates": [
          92.9974,
          24.7979
        ]
      },
      "properties": {
        "event_id": "7253",
        "event_date": "2015/07/22 00:00:00+00",
        "country_name": "India",
        "state_name": "NER",
        "landslide_category": "Landslide / Debris flow",
        "trigger": "Rainfall / Monsoon",
        "fatalities": 0
      }
    },
    {
      "type": "Feature",
      "geometry": {
        "type": "Point",
        "coordinates": [
          88.42280921,
          26.99195749
        ]
      },
      "properties": {
        "event_id": "3794",
        "event_date": "2011/07/17 00:00:00+00",
        "country_name": "India",
        "state_name": "NER",
        "landslide_category": "Landslide / Debris flow",
        "trigger": "Rainfall / Monsoon",
        "fatalities": 0
      }
    },
    {
      "type": "Feature",
      "geometry": {
        "type": "Point",
        "coordinates": [
          89.7466,
          27.5205
        ]
      },
      "properties": {
        "event_id": "4549",
        "event_date": "2012/09/14 00:00:00+00",
        "country_name": "India",
        "state_name": "NER",
        "landslide_category": "Landslide / Debris flow",
        "trigger": "Rainfall / Monsoon",
        "fatalities": 0
      }
    },
    {
      "type": "Feature",
      "geometry": {
        "type": "Point",
        "coordinates": [
          94.6024,
          25.426
        ]
      },
      "properties": {
        "event_id": "5603",
        "event_date": "2013/10/13 00:00:00+00",
        "country_name": "India",
        "state_name": "NER",
        "landslide_category": "Landslide / Debris flow",
        "trigger": "Rainfall / Monsoon",
        "fatalities": 0
      }
    },
    {
      "type": "Feature",
      "geometry": {
        "type": "Point",
        "coordinates": [
          92.4584,
          25.0318
        ]
      },
      "properties": {
        "event_id": "7591",
        "event_date": "2015/03/19 00:00:00+00",
        "country_name": "India",
        "state_name": "NER",
        "landslide_category": "Landslide / Debris flow",
        "trigger": "Rainfall / Monsoon",
        "fatalities": 0
      }
    },
    {
      "type": "Feature",
      "geometry": {
        "type": "Point",
        "coordinates": [
          91.7369,
          26.1049
        ]
      },
      "properties": {
        "event_id": "4434",
        "event_date": "2012/06/25 00:00:00+00",
        "country_name": "India",
        "state_name": "NER",
        "landslide_category": "Landslide / Debris flow",
        "trigger": "Rainfall / Monsoon",
        "fatalities": 0
      }
    },
    {
      "type": "Feature",
      "geometry": {
        "type": "Point",
        "coordinates": [
          91.8383,
          26.1309
        ]
      },
      "properties": {
        "event_id": "5582",
        "event_date": "2013/10/06 00:00:00+00",
        "country_name": "India",
        "state_name": "NER",
        "landslide_category": "Landslide / Debris flow",
        "trigger": "Rainfall / Monsoon",
        "fatalities": 0
      }
    },
    {
      "type": "Feature",
      "geometry": {
        "type": "Point",
        "coordinates": [
          93.8474,
          25.1555
        ]
      },
      "properties": {
        "event_id": "3556",
        "event_date": "2011/05/31 00:00:00+00",
        "country_name": "India",
        "state_name": "NER",
        "landslide_category": "Landslide / Debris flow",
        "trigger": "Rainfall / Monsoon",
        "fatalities": 0
      }
    },
    {
      "type": "Feature",
      "geometry": {
        "type": "Point",
        "coordinates": [
          94.0212,
          25.2745
        ]
      },
      "properties": {
        "event_id": "2569",
        "event_date": "2010/10/08 00:00:00+00",
        "country_name": "India",
        "state_name": "NER",
        "landslide_category": "Landslide / Debris flow",
        "trigger": "Rainfall / Monsoon",
        "fatalities": 0
      }
    },
    {
      "type": "Feature",
      "geometry": {
        "type": "Point",
        "coordinates": [
          93.6884,
          27.1032
        ]
      },
      "properties": {
        "event_id": "3806",
        "event_date": "2011/07/19 00:00:00+00",
        "country_name": "India",
        "state_name": "NER",
        "landslide_category": "Landslide / Debris flow",
        "trigger": "Rainfall / Monsoon",
        "fatalities": 0
      }
    },
    {
      "type": "Feature",
      "geometry": {
        "type": "Point",
        "coordinates": [
          92.3567,
          25.0951
        ]
      },
      "properties": {
        "event_id": "4407",
        "event_date": "2012/06/13 00:00:00+00",
        "country_name": "India",
        "state_name": "NER",
        "landslide_category": "Landslide / Debris flow",
        "trigger": "Rainfall / Monsoon",
        "fatalities": 0
      }
    },
    {
      "type": "Feature",
      "geometry": {
        "type": "Point",
        "coordinates": [
          88.2796,
          26.888
        ]
      },
      "properties": {
        "event_id": "9617",
        "event_date": "2016/10/15 00:00:00+00",
        "country_name": "India",
        "state_name": "NER",
        "landslide_category": "Landslide / Debris flow",
        "trigger": "Rainfall / Monsoon",
        "fatalities": 0
      }
    },
    {
      "type": "Feature",
      "geometry": {
        "type": "Point",
        "coordinates": [
          93.9482,
          24.8063
        ]
      },
      "properties": {
        "event_id": "3738",
        "event_date": "2011/07/06 00:00:00+00",
        "country_name": "India",
        "state_name": "NER",
        "landslide_category": "Landslide / Debris flow",
        "trigger": "Rainfall / Monsoon",
        "fatalities": 0
      }
    },
    {
      "type": "Feature",
      "geometry": {
        "type": "Point",
        "coordinates": [
          94.1497,
          25.8266
        ]
      },
      "properties": {
        "event_id": "5575",
        "event_date": "2013/10/05 00:00:00+00",
        "country_name": "India",
        "state_name": "NER",
        "landslide_category": "Landslide / Debris flow",
        "trigger": "Rainfall / Monsoon",
        "fatalities": 0
      }
    },
    {
      "type": "Feature",
      "geometry": {
        "type": "Point",
        "coordinates": [
          93.686,
          25.16
        ]
      },
      "properties": {
        "event_id": "6945",
        "event_date": "2015/06/19 00:00:00+00",
        "country_name": "India",
        "state_name": "NER",
        "landslide_category": "Landslide / Debris flow",
        "trigger": "Rainfall / Monsoon",
        "fatalities": 0
      }
    },
    {
      "type": "Feature",
      "geometry": {
        "type": "Point",
        "coordinates": [
          94.1327,
          25.4786
        ]
      },
      "properties": {
        "event_id": "2343",
        "event_date": "2010/08/27 00:00:00+00",
        "country_name": "India",
        "state_name": "NER",
        "landslide_category": "Landslide / Debris flow",
        "trigger": "Rainfall / Monsoon",
        "fatalities": 0
      }
    },
    {
      "type": "Feature",
      "geometry": {
        "type": "Point",
        "coordinates": [
          94.9829,
          28.611
        ]
      },
      "properties": {
        "event_id": "5441",
        "event_date": "2013/09/02 00:00:00+00",
        "country_name": "India",
        "state_name": "NER",
        "landslide_category": "Landslide / Debris flow",
        "trigger": "Rainfall / Monsoon",
        "fatalities": 0
      }
    },
    {
      "type": "Feature",
      "geometry": {
        "type": "Point",
        "coordinates": [
          88.2806,
          26.8826
        ]
      },
      "properties": {
        "event_id": "7139",
        "event_date": "2015/07/07 00:00:00+00",
        "country_name": "India",
        "state_name": "NER",
        "landslide_category": "Landslide / Debris flow",
        "trigger": "Rainfall / Monsoon",
        "fatalities": 0
      }
    },
    {
      "type": "Feature",
      "geometry": {
        "type": "Point",
        "coordinates": [
          89.5615,
          27.0674
        ]
      },
      "properties": {
        "event_id": "2116",
        "event_date": "2010/07/22 00:00:00+00",
        "country_name": "India",
        "state_name": "NER",
        "landslide_category": "Landslide / Debris flow",
        "trigger": "Rainfall / Monsoon",
        "fatalities": 0
      }
    },
    {
      "type": "Feature",
      "geometry": {
        "type": "Point",
        "coordinates": [
          92.7146,
          23.7365
        ]
      },
      "properties": {
        "event_id": "2205",
        "event_date": "2010/08/06 00:00:00+00",
        "country_name": "India",
        "state_name": "NER",
        "landslide_category": "Landslide / Debris flow",
        "trigger": "Rainfall / Monsoon",
        "fatalities": 0
      }
    },
    {
      "type": "Feature",
      "geometry": {
        "type": "Point",
        "coordinates": [
          92.3783,
          21.7684
        ]
      },
      "properties": {
        "event_id": "4431",
        "event_date": "2012/06/24 00:00:00+00",
        "country_name": "India",
        "state_name": "NER",
        "landslide_category": "Landslide / Debris flow",
        "trigger": "Rainfall / Monsoon",
        "fatalities": 0
      }
    },
    {
      "type": "Feature",
      "geometry": {
        "type": "Point",
        "coordinates": [
          88.6065,
          27.339
        ]
      },
      "properties": {
        "event_id": "4411",
        "event_date": "2012/06/14 00:00:00+00",
        "country_name": "India",
        "state_name": "NER",
        "landslide_category": "Landslide / Debris flow",
        "trigger": "Rainfall / Monsoon",
        "fatalities": 0
      }
    },
    {
      "type": "Feature",
      "geometry": {
        "type": "Point",
        "coordinates": [
          94.2156,
          24.954
        ]
      },
      "properties": {
        "event_id": "7387",
        "event_date": "2015/08/01 00:00:00+00",
        "country_name": "India",
        "state_name": "NER",
        "landslide_category": "Landslide / Debris flow",
        "trigger": "Rainfall / Monsoon",
        "fatalities": 0
      }
    },
    {
      "type": "Feature",
      "geometry": {
        "type": "Point",
        "coordinates": [
          90.3852,
          25.7354
        ]
      },
      "properties": {
        "event_id": "6291",
        "event_date": "2014/09/21 00:00:00+00",
        "country_name": "India",
        "state_name": "NER",
        "landslide_category": "Landslide / Debris flow",
        "trigger": "Rainfall / Monsoon",
        "fatalities": 0
      }
    },
    {
      "type": "Feature",
      "geometry": {
        "type": "Point",
        "coordinates": [
          88.2798,
          26.8342
        ]
      },
      "properties": {
        "event_id": "1170",
        "event_date": "2009/09/18 00:00:00+00",
        "country_name": "India",
        "state_name": "NER",
        "landslide_category": "Landslide / Debris flow",
        "trigger": "Rainfall / Monsoon",
        "fatalities": 0
      }
    },
    {
      "type": "Feature",
      "geometry": {
        "type": "Point",
        "coordinates": [
          92.821182,
          24.768609
        ]
      },
      "properties": {
        "event_id": "9917",
        "event_date": "2016/09/01 00:00:00+00",
        "country_name": "India",
        "state_name": "NER",
        "landslide_category": "Landslide / Debris flow",
        "trigger": "Rainfall / Monsoon",
        "fatalities": 0
      }
    },
    {
      "type": "Feature",
      "geometry": {
        "type": "Point",
        "coordinates": [
          88.4659,
          27.0638
        ]
      },
      "properties": {
        "event_id": "3632",
        "event_date": "2011/06/20 00:00:00+00",
        "country_name": "India",
        "state_name": "NER",
        "landslide_category": "Landslide / Debris flow",
        "trigger": "Rainfall / Monsoon",
        "fatalities": 0
      }
    },
    {
      "type": "Feature",
      "geometry": {
        "type": "Point",
        "coordinates": [
          88.708,
          27.3721
        ]
      },
      "properties": {
        "event_id": "4908",
        "event_date": "2013/06/08 00:00:00+00",
        "country_name": "India",
        "state_name": "NER",
        "landslide_category": "Landslide / Debris flow",
        "trigger": "Rainfall / Monsoon",
        "fatalities": 0
      }
    },
    {
      "type": "Feature",
      "geometry": {
        "type": "Point",
        "coordinates": [
          93.0123,
          25.1775
        ]
      },
      "properties": {
        "event_id": "4384",
        "event_date": "2012/06/03 00:00:00+00",
        "country_name": "India",
        "state_name": "NER",
        "landslide_category": "Landslide / Debris flow",
        "trigger": "Rainfall / Monsoon",
        "fatalities": 0
      }
    },
    {
      "type": "Feature",
      "geometry": {
        "type": "Point",
        "coordinates": [
          89.3903,
          26.8597
        ]
      },
      "properties": {
        "event_id": "4554",
        "event_date": "2012/09/15 00:00:00+00",
        "country_name": "India",
        "state_name": "NER",
        "landslide_category": "Landslide / Debris flow",
        "trigger": "Rainfall / Monsoon",
        "fatalities": 0
      }
    },
    {
      "type": "Feature",
      "geometry": {
        "type": "Point",
        "coordinates": [
          96.3495,
          25.6566
        ]
      },
      "properties": {
        "event_id": "9027",
        "event_date": "2016/07/12 00:00:00+00",
        "country_name": "India",
        "state_name": "NER",
        "landslide_category": "Landslide / Debris flow",
        "trigger": "Rainfall / Monsoon",
        "fatalities": 0
      }
    },
    {
      "type": "Feature",
      "geometry": {
        "type": "Point",
        "coordinates": [
          91.8587,
          25.9702
        ]
      },
      "properties": {
        "event_id": "6214",
        "event_date": "2014/10/05 00:00:00+00",
        "country_name": "India",
        "state_name": "NER",
        "landslide_category": "Landslide / Debris flow",
        "trigger": "Rainfall / Monsoon",
        "fatalities": 0
      }
    },
    {
      "type": "Feature",
      "geometry": {
        "type": "Point",
        "coordinates": [
          89.545,
          27.3144
        ]
      },
      "properties": {
        "event_id": "1260",
        "event_date": "2009/10/15 00:00:00+00",
        "country_name": "India",
        "state_name": "NER",
        "landslide_category": "Landslide / Debris flow",
        "trigger": "Rainfall / Monsoon",
        "fatalities": 0
      }
    },
    {
      "type": "Feature",
      "geometry": {
        "type": "Point",
        "coordinates": [
          93.6833,
          22.9167
        ]
      },
      "properties": {
        "event_id": "5394",
        "event_date": "2013/08/23 00:00:00+00",
        "country_name": "India",
        "state_name": "NER",
        "landslide_category": "Landslide / Debris flow",
        "trigger": "Rainfall / Monsoon",
        "fatalities": 0
      }
    },
    {
      "type": "Feature",
      "geometry": {
        "type": "Point",
        "coordinates": [
          94.20340026,
          24.95178179
        ]
      },
      "properties": {
        "event_id": "9948",
        "event_date": "2017/07/01 00:00:00+00",
        "country_name": "India",
        "state_name": "NER",
        "landslide_category": "Landslide / Debris flow",
        "trigger": "Rainfall / Monsoon",
        "fatalities": 0
      }
    },
    {
      "type": "Feature",
      "geometry": {
        "type": "Point",
        "coordinates": [
          88.6193,
          27.4459
        ]
      },
      "properties": {
        "event_id": "57",
        "event_date": "2007/04/11 00:00:00+00",
        "country_name": "India",
        "state_name": "NER",
        "landslide_category": "Landslide / Debris flow",
        "trigger": "Rainfall / Monsoon",
        "fatalities": 0
      }
    },
    {
      "type": "Feature",
      "geometry": {
        "type": "Point",
        "coordinates": [
          91.88,
          25.38
        ]
      },
      "properties": {
        "event_id": "141",
        "event_date": "2007/07/26 00:00:00+00",
        "country_name": "India",
        "state_name": "NER",
        "landslide_category": "Landslide / Debris flow",
        "trigger": "Rainfall / Monsoon",
        "fatalities": 0
      }
    },
    {
      "type": "Feature",
      "geometry": {
        "type": "Point",
        "coordinates": [
          91.7351,
          26.1548
        ]
      },
      "properties": {
        "event_id": "3983",
        "event_date": "2011/09/23 00:00:00+00",
        "country_name": "India",
        "state_name": "NER",
        "landslide_category": "Landslide / Debris flow",
        "trigger": "Rainfall / Monsoon",
        "fatalities": 0
      }
    },
    {
      "type": "Feature",
      "geometry": {
        "type": "Point",
        "coordinates": [
          94.1099,
          25.6682
        ]
      },
      "properties": {
        "event_id": "3663",
        "event_date": "2011/06/28 00:00:00+00",
        "country_name": "India",
        "state_name": "NER",
        "landslide_category": "Landslide / Debris flow",
        "trigger": "Rainfall / Monsoon",
        "fatalities": 0
      }
    },
    {
      "type": "Feature",
      "geometry": {
        "type": "Point",
        "coordinates": [
          94.0462,
          25.3179
        ]
      },
      "properties": {
        "event_id": "2578",
        "event_date": "2010/10/09 00:00:00+00",
        "country_name": "India",
        "state_name": "NER",
        "landslide_category": "Landslide / Debris flow",
        "trigger": "Rainfall / Monsoon",
        "fatalities": 0
      }
    },
    {
      "type": "Feature",
      "geometry": {
        "type": "Point",
        "coordinates": [
          94.1078,
          24.1419
        ]
      },
      "properties": {
        "event_id": "7370",
        "event_date": "2015/08/01 00:00:00+00",
        "country_name": "India",
        "state_name": "NER",
        "landslide_category": "Landslide / Debris flow",
        "trigger": "Rainfall / Monsoon",
        "fatalities": 0
      }
    },
    {
      "type": "Feature",
      "geometry": {
        "type": "Point",
        "coordinates": [
          88.3162,
          26.8073
        ]
      },
      "properties": {
        "event_id": "1993",
        "event_date": "2010/06/16 00:00:00+00",
        "country_name": "India",
        "state_name": "NER",
        "landslide_category": "Landslide / Debris flow",
        "trigger": "Rainfall / Monsoon",
        "fatalities": 0
      }
    },
    {
      "type": "Feature",
      "geometry": {
        "type": "Point",
        "coordinates": [
          97.3193,
          22.6461
        ]
      },
      "properties": {
        "event_id": "2555",
        "event_date": "2010/10/06 00:00:00+00",
        "country_name": "India",
        "state_name": "NER",
        "landslide_category": "Landslide / Debris flow",
        "trigger": "Rainfall / Monsoon",
        "fatalities": 0
      }
    },
    {
      "type": "Feature",
      "geometry": {
        "type": "Point",
        "coordinates": [
          96.8566,
          23.9723
        ]
      },
      "properties": {
        "event_id": "2554",
        "event_date": "2010/10/06 00:00:00+00",
        "country_name": "India",
        "state_name": "NER",
        "landslide_category": "Landslide / Debris flow",
        "trigger": "Rainfall / Monsoon",
        "fatalities": 0
      }
    },
    {
      "type": "Feature",
      "geometry": {
        "type": "Point",
        "coordinates": [
          89.5187916,
          27.21962595
        ]
      },
      "properties": {
        "event_id": "1882",
        "event_date": "2010/05/20 00:00:00+00",
        "country_name": "India",
        "state_name": "NER",
        "landslide_category": "Landslide / Debris flow",
        "trigger": "Rainfall / Monsoon",
        "fatalities": 0
      }
    },
    {
      "type": "Feature",
      "geometry": {
        "type": "Point",
        "coordinates": [
          92.2168,
          22.2009
        ]
      },
      "properties": {
        "event_id": "3898",
        "event_date": "2011/08/08 00:00:00+00",
        "country_name": "India",
        "state_name": "NER",
        "landslide_category": "Landslide / Debris flow",
        "trigger": "Rainfall / Monsoon",
        "fatalities": 0
      }
    },
    {
      "type": "Feature",
      "geometry": {
        "type": "Point",
        "coordinates": [
          88.6556,
          27.0875
        ]
      },
      "properties": {
        "event_id": "7034",
        "event_date": "2015/06/30 00:00:00+00",
        "country_name": "India",
        "state_name": "NER",
        "landslide_category": "Landslide / Debris flow",
        "trigger": "Rainfall / Monsoon",
        "fatalities": 0
      }
    },
    {
      "type": "Feature",
      "geometry": {
        "type": "Point",
        "coordinates": [
          90.9733,
          23.8917
        ]
      },
      "properties": {
        "event_id": "253",
        "event_date": "2007/09/10 00:00:00+00",
        "country_name": "India",
        "state_name": "NER",
        "landslide_category": "Landslide / Debris flow",
        "trigger": "Rainfall / Monsoon",
        "fatalities": 0
      }
    },
    {
      "type": "Feature",
      "geometry": {
        "type": "Point",
        "coordinates": [
          92.8339,
          25.2946
        ]
      },
      "properties": {
        "event_id": "213",
        "event_date": "2007/08/26 00:00:00+00",
        "country_name": "India",
        "state_name": "NER",
        "landslide_category": "Landslide / Debris flow",
        "trigger": "Rainfall / Monsoon",
        "fatalities": 0
      }
    },
    {
      "type": "Feature",
      "geometry": {
        "type": "Point",
        "coordinates": [
          94.5438,
          26.2083
        ]
      },
      "properties": {
        "event_id": "5272",
        "event_date": "2013/08/04 00:00:00+00",
        "country_name": "India",
        "state_name": "NER",
        "landslide_category": "Landslide / Debris flow",
        "trigger": "Rainfall / Monsoon",
        "fatalities": 0
      }
    },
    {
      "type": "Feature",
      "geometry": {
        "type": "Point",
        "coordinates": [
          94.3615,
          29.6491
        ]
      },
      "properties": {
        "event_id": "3605",
        "event_date": "2011/06/13 00:00:00+00",
        "country_name": "India",
        "state_name": "NER",
        "landslide_category": "Landslide / Debris flow",
        "trigger": "Rainfall / Monsoon",
        "fatalities": 0
      }
    },
    {
      "type": "Feature",
      "geometry": {
        "type": "Point",
        "coordinates": [
          94.693,
          26.7103
        ]
      },
      "properties": {
        "event_id": "5312",
        "event_date": "2013/08/11 00:00:00+00",
        "country_name": "India",
        "state_name": "NER",
        "landslide_category": "Landslide / Debris flow",
        "trigger": "Rainfall / Monsoon",
        "fatalities": 0
      }
    },
    {
      "type": "Feature",
      "geometry": {
        "type": "Point",
        "coordinates": [
          89.3943,
          26.8599
        ]
      },
      "properties": {
        "event_id": "2110",
        "event_date": "2010/07/21 00:00:00+00",
        "country_name": "India",
        "state_name": "NER",
        "landslide_category": "Landslide / Debris flow",
        "trigger": "Rainfall / Monsoon",
        "fatalities": 0
      }
    },
    {
      "type": "Feature",
      "geometry": {
        "type": "Point",
        "coordinates": [
          92.0,
          21.44
        ]
      },
      "properties": {
        "event_id": "626",
        "event_date": "2008/07/03 00:00:00+00",
        "country_name": "India",
        "state_name": "NER",
        "landslide_category": "Landslide / Debris flow",
        "trigger": "Rainfall / Monsoon",
        "fatalities": 0
      }
    },
    {
      "type": "Feature",
      "geometry": {
        "type": "Point",
        "coordinates": [
          96.5016,
          22.9231
        ]
      },
      "properties": {
        "event_id": "582",
        "event_date": "2008/06/11 00:00:00+00",
        "country_name": "India",
        "state_name": "NER",
        "landslide_category": "Landslide / Debris flow",
        "trigger": "Rainfall / Monsoon",
        "fatalities": 0
      }
    }
  ]
}